Run No.,Plate Type,Sample,Date,Time,T1,T2,T3,T4,T5,Air Velocity,Voltage,Current
1,Pinned Plate,0,9/12/2023,15:14:00,68.30392,66.81172,64.96797,64.82735,25.14668,-7.84E-03,244.75,0.2991489
1,Pinned Plate,1,9/12/2023,15:14:21,69.55392,68.09298,66.24923,65.80391,25.12324,-7.84E-03,244.6939,0.2990277
1,Pinned Plate,2,9/12/2023,15:14:42,70.73361,69.56954,67.73361,67.38985,25.08809,-7.84E-03,244.6682,0.298957
1,Pinned Plate,3,9/12/2023,15:15:02,71.9836,70.63986,68.75706,68.27267,25.13887,-7.84E-03,244.623,0.2988963
1,Pinned Plate,4,9/12/2023,15:15:23,73.0461,71.66328,69.85078,69.58517,25.13106,-8.30E-03,244.4042,0.2985831
1,Pinned Plate,5,9/12/2023,15:15:44,74.16328,72.80391,71.03047,70.51485,25.10762,-7.84E-03,244.4937,0.2985831
1,Pinned Plate,6,9/12/2023,15:16:04,75.17892,73.88985,71.99922,71.46799,25.13106,-8.30E-03,244.5116,0.2985831
1,Pinned Plate,7,9/12/2023,15:16:25,76.50705,75.31174,73.42892,73.01485,25.1584,-8.30E-03,244.4633,0.2984619
1,Pinned Plate,8,9/12/2023,15:16:46,77.2336,75.92891,74.13204,73.64767,25.15059,-8.30E-03,244.4563,0.2984013
1,Pinned Plate,9,9/12/2023,15:17:07,78.26485,76.90547,75.10079,74.59298,25.17403,-8.30E-03,244.4042,0.2982093
1,Pinned Plate,10,9/12/2023,15:17:27,79.14767,77.84297,75.96797,75.39766,25.12324,-8.30E-03,244.3372,0.2981487
1,Pinned Plate,11,9/12/2023,15:17:48,80.09298,78.78829,77.00703,76.56954,25.13106,-8.30E-03,244.3668,0.2981487
1,Pinned Plate,12,9/12/2023,15:18:09,80.97578,79.77267,77.95235,77.40548,25.13887,-8.30E-03,244.475,0.298275
1,Pinned Plate,13,9/12/2023,15:18:29,81.93672,80.68674,78.84297,78.28048,25.13887,-8.30E-03,244.4415,0.2981487
1,Pinned Plate,14,9/12/2023,15:18:50,82.65548,81.41329,79.50705,78.9836,25.16621,-8.76E-03,244.1557,0.2977749
1,Pinned Plate,15,9/12/2023,15:19:11,78.74922,71.32735,68.57736,64.80391,25.15059,10.93444,244.137,0.2979012
1,Pinned Plate,16,9/12/2023,15:19:31,73.67112,64.68674,62.09981,58.77951,25.15059,10.76329,244.1183,0.2980881
1,Pinned Plate,17,9/12/2023,15:19:52,69.55392,60.25606,57.69357,54.66231,25.15059,10.65506,244.2406,0.2984013
1,Pinned Plate,18,9/12/2023,15:20:13,64.9211,56.12325,53.53732,50.89668,25.12324,11.07735,244.204,0.298275
1,Pinned Plate,19,9/12/2023,15:20:33,61.7717,53.17793,50.81855,48.32637,25.15059,10.80171,244.137,0.2986438
1,Pinned Plate,20,9/12/2023,15:20:54,58.56856,50.5295,48.30294,46.01387,25.12324,10.90162,244.2741,0.298957
1,Pinned Plate,21,9/12/2023,15:21:15,55.88105,48.07637,45.72482,43.62326,25.12324,10.93046,244.2554,0.2990277
1,Pinned Plate,22,9/12/2023,15:21:36,53.55293,46.42012,44.47482,42.48262,25.16621,10.78308,244.2219,0.2991489
1,Pinned Plate,23,9/12/2023,15:21:56,51.68576,44.79512,42.81074,40.9748,25.13496,10.78346,244.2632,0.2992702
1,Pinned Plate,24,9/12/2023,15:22:17,50.05293,43.75606,41.86543,40.13887,25.13496,10.71759,244.2554,0.2992095
1,Pinned Plate,25,9/12/2023,15:22:38,48.6545,42.592,40.81074,39.20918,25.11544,10.54659,244.2928,0.2993358
1,Pinned Plate,26,9/12/2023,15:22:58,47.54512,41.67012,40.00606,38.39668,25.16621,10.63427,244.3115,0.2994015
1,Pinned Plate,27,9/12/2023,15:23:19,46.53732,40.9748,39.2795,37.79512,25.13496,11.11835,244.2928,0.2994015
1,Pinned Plate,28,9/12/2023,15:23:40,45.67012,40.342,38.63889,37.25606,25.14278,11.17948,244.204,0.2994015
1,Pinned Plate,29,9/12/2023,15:24:00,45.04512,39.82637,38.24824,36.91231,25.09199,10.90544,244.2819,0.2994621
1,Pinned Plate,30,9/12/2023,15:24:21,44.42794,39.43575,37.87324,36.56075,25.09199,10.84751,244.4229,0.2995834
1,Pinned Plate,31,9/12/2023,15:24:42,43.93574,39.0373,37.45919,36.16231,25.1584,10.77261,244.3372,0.2995834
1,Pinned Plate,32,9/12/2023,15:25:03,43.53732,38.68576,37.1545,35.85762,25.13496,10.63235,244.2741,0.2994621
1,Pinned Plate,33,9/12/2023,15:25:23,43.06856,38.43575,36.88105,35.66231,25.13496,10.98582,244.07,0.2994015
1,Pinned Plate,34,9/12/2023,15:25:44,42.85762,38.27168,36.74044,35.48262,25.13496,10.84504,244.0291,0.2992702
1,Pinned Plate,35,9/12/2023,15:26:05,42.63107,38.00606,36.54512,35.35762,25.17793,11.17703,244.3115,0.2995834
1,Pinned Plate,36,9/12/2023,15:26:25,42.42012,37.83418,36.42012,35.25606,25.15059,10.72787,244.0887,0.2993358
1,Pinned Plate,37,9/12/2023,15:26:46,42.18575,37.74044,36.20918,35.01387,25.1584,10.95265,244.2819,0.2995228
1,Pinned Plate,38,9/12/2023,15:27:07,42.06074,37.56075,36.09981,34.98262,25.13496,10.71377,244.3746,0.2997096
1,Pinned Plate,39,9/12/2023,15:27:27,41.93574,37.45138,36.00606,34.84199,25.1584,10.54372,244.204,0.2994621
1,Pinned Plate,40,9/12/2023,15:27:48,41.78732,37.36544,35.92793,34.75606,25.12716,10.84504,244.3006,0.2997096
1,Pinned Plate,41,9/12/2023,15:28:09,41.64669,37.33418,35.86543,34.72482,25.19356,10.45531,244.2741,0.2995834
1,Pinned Plate,42,9/12/2023,15:28:29,41.62326,37.26387,35.79512,34.67795,25.14278,10.73492,244.4415,0.2997678
1,Pinned Plate,43,9/12/2023,15:28:50,41.56075,37.19356,35.74825,34.68576,25.15059,10.79335,244.4042,0.2995834
1,Pinned Plate,44,9/12/2023,15:29:11,41.53732,37.09199,35.67795,34.60763,25.12716,10.80171,244.3932,0.2997678
1,Pinned Plate,45,9/12/2023,15:29:32,41.92793,38.8498,36.99824,36.56856,25.15059,0.5683863,244.4415,0.299836
1,Pinned Plate,46,9/12/2023,15:29:52,43.60763,41.17012,39.42794,39.10762,25.20918,3.92E-02,244.5864,0.2998966
1,Pinned Plate,47,9/12/2023,15:30:13,45.342,43.14668,41.93574,41.63889,25.13496,9.68E-03,244.549,0.2997678
1,Pinned Plate,48,9/12/2023,15:30:34,46.95137,44.95918,43.26387,42.92012,25.18575,3.68E-03,244.549,0.2996415
1,Pinned Plate,49,9/12/2023,15:30:54,48.6545,46.98262,45.30294,45.0373,25.217,-2.31E-03,244.4042,0.2995228
1,Pinned Plate,50,9/12/2023,15:31:15,50.45919,48.66231,47.01387,46.59982,25.20137,-4.15E-03,244.5677,0.2995834
1,Pinned Plate,51,9/12/2023,15:31:36,52.14668,50.67795,49.12325,48.73263,25.17403,-6.00E-03,244.5303,0.2995228
1,Pinned Plate,52,9/12/2023,15:31:56,53.89668,52.31857,51.01387,50.60763,25.17403,-6.46E-03,244.3302,0.2994621
1,Pinned Plate,53,9/12/2023,15:32:17,55.35762,53.92012,52.24043,51.81074,25.12324,-6.92E-03,244.7313,0.2997096
1,Pinned Plate,54,9/12/2023,15:32:38,56.93574,55.55293,53.88105,53.52169,25.1584,-7.38E-03,244.7126,0.2995834
1,Pinned Plate,55,9/12/2023,15:32:59,58.55293,57.00606,55.27168,54.86543,25.1584,-7.38E-03,244.7126,0.2994621
1,Pinned Plate,56,9/12/2023,15:33:19,59.95137,58.45919,56.67795,56.27168,25.18184,-7.84E-03,244.4415,0.2990883
1,Pinned Plate,57,9/12/2023,15:33:40,61.42012,60.07637,58.32637,57.92012,25.16621,-8.30E-03,244.623,0.2991489
1,Pinned Plate,58,9/12/2023,15:34:01,62.88887,61.39668,59.59982,59.19356,25.20918,-8.30E-03,244.5116,0.2990277
1,Pinned Plate,59,9/12/2023,15:34:21,64.17892,62.72482,61.10762,60.61544,25.19746,-7.84E-03,244.542,0.298957
1,Pinned Plate,60,9/12/2023,15:34:42,65.63986,64.38204,62.61544,62.14668,25.24824,-8.30E-03,244.4415,0.2988357
1,Pinned Plate,61,9/12/2023,15:35:03,66.78048,65.42892,63.63889,63.12325,25.217,-8.30E-03,244.4563,0.2987751
1,Pinned Plate,62,9/12/2023,15:35:23,68.11641,66.62424,64.85078,64.33517,25.19746,-8.30E-03,244.4821,0.2988357
1,Pinned Plate,63,9/12/2023,15:35:44,69.21017,67.74142,66.01485,65.55392,25.19746,-8.30E-03,244.542,0.2987751
1,Pinned Plate,64,9/12/2023,15:36:05,70.43673,69.02266,67.31954,66.78829,25.19746,-8.30E-03,244.5864,0.2987751
1,Pinned Plate,65,9/12/2023,15:36:25,71.50705,70.03828,68.2336,67.69454,25.17403,-8.30E-03,244.4563,0.2985831
1,Pinned Plate,66,9/12/2023,15:36:46,72.59298,71.18673,69.34298,68.76487,25.22481,-8.30E-03,244.6682,0.2988357
1,Pinned Plate,67,9/12/2023,15:37:07,73.67112,72.38204,70.53049,69.92891,25.17403,-8.76E-03,244.5786,0.2985831
1,Pinned Plate,68,9/12/2023,15:37:28,74.71016,73.56173,71.75706,71.21017,25.19746,-8.76E-03,244.6347,0.2987145
1,Pinned Plate,69,9/12/2023,15:37:48,75.70235,74.2336,72.38985,71.76487,25.23263,-8.30E-03,244.7048,0.2987751
1,Pinned Plate,70,9/12/2023,15:38:09,76.66328,75.24141,73.45235,72.85078,25.25606,-8.30E-03,244.7679,0.2988357
1,Pinned Plate,71,9/12/2023,15:38:30,77.6008,76.25704,74.40548,73.75706,25.24043,-8.30E-03,244.6347,0.2985831
1,Pinned Plate,72,9/12/2023,15:38:50,78.61642,77.14767,75.24923,74.65548,25.18965,-8.30E-03,244.5677,0.2984619
1,Pinned Plate,73,9/12/2023,15:39:11,79.39766,77.91328,76.1086,75.49142,25.27168,-8.30E-03,244.7422,0.2987145
1,Pinned Plate,74,9/12/2023,15:39:32,80.28828,78.82735,76.95235,76.28828,25.24824,-8.30E-03,244.8683,0.2987145
1,Pinned Plate,75,9/12/2023,15:39:52,81.13204,79.7258,77.81172,77.14767,25.20528,-8.30E-03,244.7905,0.2985831
1,Pinned Plate,76,9/12/2023,15:40:13,78.90547,71.83516,68.49142,65.09298,25.22871,7.13736,244.5786,0.2985225
1,Pinned Plate,77,9/12/2023,15:40:34,74.96016,66.74142,63.72482,60.71699,25.22871,7.630569,244.7679,0.2987145
1,Pinned Plate,78,9/12/2023,15:40:55,70.81953,62.17793,59.47482,56.6545,25.25606,7.894915,244.5599,0.2987751
1,Pinned Plate,79,9/12/2023,15:41:15,67.19453,58.59982,56.0295,53.25606,25.25606,8.118348,244.4229,0.2988357
1,Pinned Plate,80,9/12/2023,15:41:36,63.78732,55.58419,53.12325,50.56856,25.23653,8.310438,244.4937,0.2990277
1,Pinned Plate,81,9/12/2023,15:41:57,60.82637,52.7717,50.43575,48.24824,25.24434,7.689409,244.475,0.2990883
1,Pinned Plate,82,9/12/2023,15:42:17,58.33418,50.84199,48.66231,46.2795,25.2209,8.023678,244.3372,0.2990277
1,Pinned Plate,83,9/12/2023,15:42:38,56.04512,49.02168,46.84199,44.94355,25.27168,8.178195,244.4563,0.2992095
1,Pinned Plate,84,9/12/2023,15:42:59,54.20918,47.42794,45.40451,43.59982,25.24434,7.985515,244.4563,0.2992702
1,Pinned Plate,85,9/12/2023,15:43:19,52.59982,46.16231,44.16231,42.51388,25.24434,7.916482,244.4042,0.2991489
1,Pinned Plate,86,9/12/2023,15:43:40,51.25606,44.99043,43.10762,41.50606,25.27168,7.90659,244.3372,0.2992702
1,Pinned Plate,87,9/12/2023,15:44:01,49.967,44.10762,42.24043,40.69357,25.2209,8.075468,244.2741,0.2992095
1,Pinned Plate,88,9/12/2023,15:44:21,48.99824,43.32637,41.5295,40.05293,25.2209,8.201695,244.2297,0.2992702
1,Pinned Plate,89,9/12/2023,15:44:42,48.0295,42.58419,40.84199,39.43575,25.2209,8.202679,244.3932,0.2995228
1,Pinned Plate,90,9/12/2023,15:45:03,47.34981,42.04512,40.32637,38.99043,25.24434,7.999753,244.5007,0.2996415
1,Pinned Plate,91,9/12/2023,15:45:24,46.74044,41.57637,39.85762,38.52169,25.23653,7.670587,244.4821,0.2995228
1,Pinned Plate,92,9/12/2023,15:45:44,46.20918,41.18575,39.45919,38.17793,25.2209,8.07349,244.4415,0.2996415
1,Pinned Plate,93,9/12/2023,15:46:05,45.72482,40.74044,39.09199,37.85762,25.17012,8.088906,244.549,0.2997096
1,Pinned Plate,94,9/12/2023,15:46:26,45.33418,40.49825,38.86543,37.60763,25.2209,7.887197,244.5007,0.2997096
1,Pinned Plate,95,9/12/2023,15:46:46,44.967,40.2248,38.64669,37.43575,25.27168,7.984525,244.6565,0.2999547
1,Pinned Plate,96,9/12/2023,15:47:07,44.70918,39.99043,38.38105,37.14668,25.2795,7.907578,244.5973,0.299836
1,Pinned Plate,97,9/12/2023,15:47:28,44.43575,39.71699,38.10762,36.92012,25.22871,7.887197,244.616,0.299836
1,Pinned Plate,98,9/12/2023,15:47:48,44.24824,39.59982,38.01387,36.8498,25.25216,7.776762,244.7048,0.2999547
1,Pinned Plate,99,9/12/2023,15:48:09,44.05293,39.45138,37.89668,36.73263,25.20918,7.893332,244.4229,0.299836
1,Pinned Plate,100,9/12/2023,15:48:30,43.92793,39.32637,37.81855,36.67795,25.25997,8.198139,244.5677,0.2998966
1,Pinned Plate,101,9/12/2023,15:48:51,43.75606,39.30294,37.67012,36.60763,25.23653,8.09029,244.6565,0.2999547
1,Pinned Plate,102,9/12/2023,15:49:11,43.68576,39.23263,37.62326,36.48262,25.23653,7.887197,244.5007,0.2997096
1,Pinned Plate,103,9/12/2023,15:49:32,43.592,39.08419,37.5295,36.43575,25.28731,7.984922,244.5116,0.2997678
1,Pinned Plate,104,9/12/2023,15:49:53,43.47482,39.01387,37.48262,36.342,25.26777,7.754959,244.4563,0.2997678
1,Pinned Plate,105,9/12/2023,15:50:13,43.39668,38.92012,37.41231,36.29513,25.26777,7.665061,244.6051,0.2998966
1,Pinned Plate,106,9/12/2023,15:50:34,43.32637,38.88887,37.35762,36.26387,25.24434,7.754003,244.5233,0.299836
1,Pinned Plate,107,9/12/2023,15:50:55,43.25606,38.84199,37.33418,36.217,25.29513,7.720317,244.4821,0.2997678
1,Pinned Plate,108,9/12/2023,15:51:15,43.23263,38.79512,37.26387,36.13887,25.26777,7.910745,244.5116,0.2997678
1,Pinned Plate,109,9/12/2023,15:51:36,43.17793,38.79512,37.26387,36.13887,25.24434,7.894915,244.5303,0.2997678
1,Pinned Plate,110,9/12/2023,15:51:57,43.45138,40.52169,38.7717,38.39668,25.29513,0.1289564,244.7905,0.3001415
1,Pinned Plate,111,9/12/2023,15:52:17,44.89668,42.38888,40.76389,40.64669,25.24434,2.77E-02,244.7235,0.2999547
1,Pinned Plate,112,9/12/2023,15:52:38,46.60763,44.38888,42.61544,42.32637,25.30294,1.01E-02,244.6682,0.2997096
1,Pinned Plate,113,9/12/2023,15:52:59,48.32637,46.36544,44.67795,44.31075,25.30294,4.56E-04,244.6565,0.2997096
1,Pinned Plate,114,9/12/2023,15:53:20,50.217,48.45138,46.74825,46.38888,25.25216,-4.15E-03,244.7313,0.2997096
1,Pinned Plate,115,9/12/2023,15:53:40,51.7717,50.0295,48.31075,47.99824,25.31075,-5.54E-03,244.7422,0.2997678
1,Pinned Plate,116,9/12/2023,15:54:01,53.45138,51.79512,50.10762,49.74044,25.2834,-6.00E-03,244.7679,0.2996415
1,Pinned Plate,117,9/12/2023,15:54:22,55.13106,53.57637,51.79512,51.38888,25.2834,-6.46E-03,244.7422,0.2994015
1,Pinned Plate,118,9/12/2023,15:54:42,56.67795,55.06074,53.35762,52.99824,25.2834,-6.92E-03,244.9353,0.299836
1,Pinned Plate,119,9/12/2023,15:55:03,58.25606,56.68576,54.92793,54.54512,25.36934,-7.38E-03,244.9353,0.2997096
1,Pinned Plate,120,9/12/2023,15:55:24,59.7717,58.20137,56.49044,56.0373,25.2834,-7.84E-03,244.887,0.2996415
1,Pinned Plate,121,9/12/2023,15:55:44,61.1545,59.6545,58.02168,57.56856,25.29903,-7.84E-03,244.9727,0.2997096
1,Pinned Plate,122,9/12/2023,15:56:05,62.64669,61.09199,59.45138,59.0295,25.32637,-7.84E-03,244.8683,0.2995834
1,Pinned Plate,123,9/12/2023,15:56:26,63.99141,62.50606,60.78732,60.2795,25.32637,-7.84E-03,244.7983,0.2994015
1,Pinned Plate,124,9/12/2023,15:56:47,65.40548,63.89766,62.42012,61.99824,25.30684,-8.30E-03,245.0988,0.2997096
1,Pinned Plate,125,9/12/2023,15:57:07,66.59298,65.47579,63.80391,63.50606,25.31465,-8.30E-03,245.0506,0.2995228
1,Pinned Plate,126,9/12/2023,15:57:28,67.94453,66.52267,64.70235,64.18673,25.35762,-8.30E-03,244.9906,0.2995228
1,Pinned Plate,127,9/12/2023,15:57:49,69.11641,67.74142,65.87422,65.41329,25.342,-8.30E-03,244.8092,0.2991489
1,Pinned Plate,128,9/12/2023,15:58:09,70.27267,68.8586,67.06954,66.55392,25.26387,-7.84E-03,244.8574,0.2991489
1,Pinned Plate,129,9/12/2023,15:58:30,71.46799,70.10079,68.19453,67.77267,25.29903,-8.30E-03,244.7905,0.298957
1,Pinned Plate,130,9/12/2023,15:58:51,72.57736,71.24923,69.42892,68.96797,25.30684,-8.30E-03,244.8792,0.2990277
1,Pinned Plate,131,9/12/2023,15:59:11,73.62424,72.24141,70.49923,70.03828,25.33028,-7.84E-03,244.9057,0.2991489
1,Pinned Plate,132,9/12/2023,15:59:32,74.81953,73.38985,71.5461,70.99141,25.35762,-8.30E-03,244.8349,0.2990277
1,Pinned Plate,133,9/12/2023,15:59:53,75.74142,74.33517,72.53049,71.97578,25.32247,-7.84E-03,244.9727,0.2991489
1,Pinned Plate,134,9/12/2023,16:00:14,76.73361,75.3586,73.61642,73.01485,25.34981,-8.30E-03,244.954,0.2990277
1,Pinned Plate,135,9/12/2023,16:00:34,77.64767,76.2336,74.39766,73.77267,25.32247,-7.84E-03,244.9244,0.298957
1,Pinned Plate,136,9/12/2023,16:00:55,78.61642,77.19453,75.31954,74.74142,25.32247,-8.30E-03,244.8465,0.2988357
1,Pinned Plate,137,9/12/2023,16:01:16,79.59298,78.28828,76.41329,75.74922,25.32247,-8.30E-03,244.7126,0.2985831
1,Pinned Plate,138,9/12/2023,16:01:36,80.38985,79.02266,77.07735,76.50705,25.27168,-8.30E-03,244.887,0.2988357
1,Pinned Plate,139,9/12/2023,16:01:57,80.41329,77.19453,76.0461,73.52267,25.32247,2.732782,244.9244,0.2987751
1,Pinned Plate,140,9/12/2023,16:02:18,78.62424,73.69454,71.56954,68.59298,25.33028,4.374235,244.7679,0.2987751
1,Pinned Plate,141,9/12/2023,16:02:38,76.44455,70.87422,68.66328,66.07735,25.17793,4.199441,244.8574,0.2988963
1,Pinned Plate,142,9/12/2023,16:02:59,73.78048,67.50705,65.1711,62.60763,25.20528,4.70959,244.887,0.2990277
1,Pinned Plate,143,9/12/2023,16:03:20,71.88985,65.74922,63.10762,60.72482,25.20528,5.188677,244.7048,0.2987145
1,Pinned Plate,144,9/12/2023,16:03:40,69.75706,63.61544,61.14668,58.79512,25.22871,5.23679,244.6347,0.2988963
1,Pinned Plate,145,9/12/2023,16:04:01,67.53049,61.40451,59.06074,56.8498,25.20528,5.082608,244.6682,0.2990277
1,Pinned Plate,146,9/12/2023,16:04:22,65.82735,59.75606,57.56856,55.47482,25.21309,5.238773,244.6682,0.2990883
1,Pinned Plate,147,9/12/2023,16:04:43,64.15548,57.81855,55.19356,53.20918,25.27168,5.167598,244.5973,0.2991489
1,Pinned Plate,148,9/12/2023,16:05:03,62.70918,57.04512,54.8498,52.5295,25.2209,5.169176,244.6417,0.2992095
1,Pinned Plate,149,9/12/2023,16:05:24,61.39668,55.86543,53.68576,51.76389,25.24434,4.855571,244.623,0.2991489
1,Pinned Plate,150,9/12/2023,16:05:45,60.16231,54.69357,52.51388,50.75606,25.24434,5.080626,244.7679,0.2994015
1,Pinned Plate,151,9/12/2023,16:06:05,59.13106,53.76389,51.72482,50.00606,25.2795,5.08211,244.8349,0.2995834
1,Pinned Plate,152,9/12/2023,16:06:26,58.13106,52.92793,50.83418,49.08419,25.2795,5.082608,244.7609,0.2995834
1,Pinned Plate,153,9/12/2023,16:06:47,57.25606,52.17793,50.2248,48.42794,25.25216,5.27878,244.4937,0.2992702
1,Pinned Plate,154,9/12/2023,16:07:07,56.44356,51.41231,49.42794,47.82637,25.22871,5.197883,244.623,0.2994015
1,Pinned Plate,155,9/12/2023,16:07:28,55.79512,50.9748,48.967,47.36544,25.25216,5.282933,244.616,0.2993358
1,Pinned Plate,156,9/12/2023,16:07:49,55.1545,50.342,48.38105,46.80293,25.22871,5.150766,244.623,0.2994621
1,Pinned Plate,157,9/12/2023,16:08:10,54.57637,49.85762,47.92012,46.38888,25.2795,5.192236,244.4563,0.2993358
1,Pinned Plate,158,9/12/2023,16:08:30,54.08419,49.40451,47.54512,46.0373,25.25997,4.994689,244.3746,0.2992702
1,Pinned Plate,159,9/12/2023,16:08:51,53.63107,48.9748,47.13106,45.67012,25.23653,4.906244,244.4415,0.2992702
1,Pinned Plate,160,9/12/2023,16:09:12,53.2248,48.70137,46.81074,45.37325,25.25997,4.913848,244.623,0.2995228
1,Pinned Plate,161,9/12/2023,16:09:32,52.88887,48.342,46.54512,45.08419,25.23653,4.9767,244.5973,0.2995228
1,Pinned Plate,162,9/12/2023,16:09:53,52.53732,48.06074,46.20918,44.7717,25.31857,4.993601,244.4633,0.2993358
1,Pinned Plate,163,9/12/2023,16:10:14,52.27168,47.84199,46.04512,44.57637,25.24434,4.885693,244.5303,0.2994621
1,Pinned Plate,164,9/12/2023,16:10:34,52.01387,47.6545,45.82637,44.467,25.25216,5.079537,244.475,0.2992702
1,Pinned Plate,165,9/12/2023,16:10:55,51.7717,47.48262,45.70918,44.29513,25.2756,5.057084,244.4821,0.2994015
1,Pinned Plate,166,9/12/2023,16:11:16,51.49044,47.2248,45.39668,44.0295,25.2834,5.0207,244.5233,0.2994621
1,Pinned Plate,167,9/12/2023,16:11:36,51.37325,47.07637,45.2795,43.85762,25.25997,5.081124,244.5007,0.2994621
1,Pinned Plate,168,9/12/2023,16:11:57,51.20137,46.85762,45.1545,43.81074,25.31075,5.261448,244.412,0.2993358
1,Pinned Plate,169,9/12/2023,16:12:18,51.0295,46.81074,45.01387,43.63889,25.31075,5.238275,244.542,0.2994621
1,Pinned Plate,170,9/12/2023,16:12:39,50.86543,46.66231,44.91231,43.56856,25.25997,5.193233,244.5303,0.2994621
1,Pinned Plate,171,9/12/2023,16:12:59,50.74044,46.52169,44.78732,43.42012,25.23263,5.413618,244.616,0.2996415
1,Pinned Plate,172,9/12/2023,16:13:20,50.60763,46.50606,44.70137,43.38105,25.26777,5.237288,244.7905,0.299836
1,Pinned Plate,173,9/12/2023,16:13:41,50.53732,46.38105,44.59982,43.2795,25.29121,5.076074,244.7048,0.2995228
1,Pinned Plate,174,9/12/2023,16:14:01,50.38105,46.31075,44.59982,43.25606,25.29121,5.083686,244.5303,0.2997096
1,Pinned Plate,175,9/12/2023,16:14:22,50.38105,46.13887,44.45919,43.13106,25.24043,5.096061,244.6347,0.2996415
1,Pinned Plate,176,9/12/2023,16:14:43,50.28731,46.18575,44.42794,43.10762,25.26777,5.019207,244.6347,0.2996415
1,Pinned Plate,177,9/12/2023,16:15:03,50.20918,46.06074,44.34981,43.0295,25.2834,4.985008,244.4229,0.2993358
1,Pinned Plate,178,9/12/2023,16:15:24,50.13887,46.01387,44.33418,42.99043,25.29121,5.256299,244.2554,0.2992095
1,Finned Plate,0,9/12/2023,13:42:02,23.00215,22.87324,22.61934,22.5959,22.87324,1.00E-30,245.0988,0.2979618
1,Finned Plate,1,9/12/2023,13:42:23,26.2756,25.54513,24.45919,24.20528,23.01778,0.0424513,245.0093,0.2976486
1,Finned Plate,2,9/12/2023,13:42:44,30.20137,28.99043,27.88887,28.17403,23.17403,3.22E-03,245.028,0.2974087
1,Finned Plate,3,9/12/2023,13:43:05,33.33418,31.95918,30.53732,30.28731,23.2834,-3.69E-03,244.9423,0.2972167
1,Finned Plate,4,9/12/2023,13:43:25,36.50606,34.89668,33.35762,33.32637,23.43184,-6.92E-03,244.9166,0.2969036
1,Finned Plate,5,9/12/2023,13:43:46,39.92012,38.14668,36.61544,36.37325,23.59982,-7.84E-03,244.9244,0.2968429
1,Finned Plate,6,9/12/2023,13:44:07,43.54512,41.61544,40.0373,39.81855,23.80293,-8.30E-03,244.9727,0.2967166
1,Finned Plate,7,9/12/2023,13:44:27,46.25606,44.28731,42.68576,42.53732,23.99434,-8.30E-03,244.887,0.2965903
1,Finned Plate,8,9/12/2023,13:44:48,49.6545,47.592,46.19356,46.06856,24.25216,-8.76E-03,244.954,0.2964034
1,Finned Plate,9,9/12/2023,13:45:09,52.30294,50.41231,49.01387,48.94355,24.47091,-9.23E-03,244.7235,0.2960953
1,Finned Plate,10,9/12/2023,13:45:29,55.30294,53.09199,51.45919,51.49044,24.67403,-9.23E-03,244.887,0.2960953
1,Finned Plate,11,9/12/2023,13:45:50,57.84199,56.02168,54.40451,54.49825,25.02559,-8.76E-03,244.8162,0.2958478
1,Finned Plate,12,9/12/2023,13:46:11,60.467,58.09981,56.49044,56.467,25.217,-9.23E-03,244.8092,0.2958478
1,Finned Plate,13,9/12/2023,13:46:32,63.09981,60.89668,59.28731,59.26387,25.51778,-8.76E-03,244.7422,0.2956558
1,Finned Plate,14,9/12/2023,13:46:52,65.44455,63.20918,61.49044,61.51388,25.7834,-9.23E-03,244.7235,1.00E-30
1,Finned Plate,15,9/12/2023,13:47:13,67.88985,65.35078,63.84297,63.81953,26.11934,-8.76E-03,244.8792,0.2956558
1,Finned Plate,16,9/12/2023,13:47:34,70.25704,67.6086,65.91328,65.91328,26.36154,-9.23E-03,244.6565,0.295282
1,Finned Plate,17,9/12/2023,13:47:54,72.36642,69.71799,68.17892,68.34298,26.66231,-9.23E-03,244.7313,0.2951633
1,Finned Plate,18,9/12/2023,13:48:15,74.49923,71.81172,70.08516,70.13204,26.96309,-9.23E-03,244.5116,0.2949083
1,Finned Plate,19,9/12/2023,13:48:36,76.78829,74.13204,72.34298,72.43673,27.23263,-8.76E-03,244.7126,0.2950295
1,Finned Plate,20,9/12/2023,13:48:56,78.56173,75.85078,74.7258,74.74922,27.60763,-8.76E-03,244.8979,0.2952214
1,Finned Plate,21,9/12/2023,13:49:17,80.46016,77.62424,75.86641,75.97578,27.72482,-8.76E-03,244.9166,0.2950951
1,Finned Plate,22,9/12/2023,13:49:38,82.74142,79.88985,78.12423,78.24141,28.07637,-9.23E-03,244.954,0.2950295
1,Finned Plate,23,9/12/2023,13:49:58,84.69454,81.77267,79.9836,80.37422,28.37715,-8.76E-03,244.8279,0.2948501
1,Finned Plate,24,9/12/2023,13:50:19,85.94453,82.9836,81.28828,81.45235,28.56856,-8.76E-03,244.6939,0.2947213
1,Finned Plate,25,9/12/2023,13:50:40,87.85078,84.96016,82.91328,82.88985,28.31465,9.52E-02,244.616,0.2944082
1,Finned Plate,26,9/12/2023,13:51:01,87.96016,83.96797,81.6008,81.53829,27.54903,1.838151,244.8465,0.294782
1,Finned Plate,27,9/12/2023,13:51:21,87.49142,82.84297,80.26485,80.24141,27.19356,2.291695,244.7126,0.2945951
1,Finned Plate,28,9/12/2023,13:51:42,86.93672,82.00703,79.47579,79.42892,27.16621,2.34102,244.7905,0.2946633
1,Finned Plate,29,9/12/2023,13:52:03,85.42111,78.28828,75.84297,75.13985,26.2756,5.549421,244.7983,0.2947213
1,Finned Plate,30,9/12/2023,13:52:23,82.37422,72.7961,70.10079,69.71016,25.61934,8.622878,244.5786,0.2947213
1,Finned Plate,31,9/12/2023,13:52:44,76.64767,66.77267,63.84297,63.34981,25.22871,11.16873,244.75,0.2949688
1,Finned Plate,32,9/12/2023,13:53:05,73.13204,63.64669,60.63889,60.14668,25.2209,11.52956,244.7048,0.2950295
1,Finned Plate,33,9/12/2023,13:53:25,69.50705,60.39668,57.48262,57.00606,25.0334,10.93937,244.6565,0.2950951
1,Finned Plate,34,9/12/2023,13:53:46,66.22579,57.59982,54.81855,54.1545,25.18965,10.44268,244.7796,0.2955346
1,Finned Plate,35,9/12/2023,13:54:07,63.467,55.31075,52.33418,51.85762,25.05293,10.78574,244.623,0.2954033
1,Finned Plate,36,9/12/2023,13:54:28,61.02168,53.47482,50.88887,50.42794,25.06856,11.6311,244.6752,0.2955346
1,Finned Plate,37,9/12/2023,13:54:48,59.2248,51.86543,49.26387,48.77951,25.13496,10.13005,244.7048,0.2956558
1,Finned Plate,38,9/12/2023,13:55:09,57.45919,50.56075,48.02168,47.51388,25.2795,11.13836,244.5973,0.2955952
1,Finned Plate,39,9/12/2023,13:55:30,55.99824,49.34981,46.9748,46.44356,25.30294,11.3411,244.7235,0.2957165
1,Finned Plate,40,9/12/2023,13:55:50,54.92012,48.51388,46.16231,45.72482,25.2834,10.87543,244.7235,0.2957165
1,Finned Plate,41,9/12/2023,13:56:11,53.94355,47.70918,45.42794,44.99043,25.2834,10.87451,244.7126,0.2958478
1,Finned Plate,42,9/12/2023,13:56:32,53.07637,47.06856,44.84199,44.39668,25.27168,10.83233,244.6752,0.2958478
1,Finned Plate,43,9/12/2023,13:56:52,52.40451,46.44356,44.20137,43.76389,25.04122,10.38019,244.4229,0.2956558
1,Finned Plate,44,9/12/2023,13:57:13,51.78732,45.967,43.74825,43.31075,25.1584,10.21285,244.3302,0.2954033
1,Finned Plate,45,9/12/2023,13:57:34,51.2795,45.56856,43.37325,42.88887,25.04902,10.18803,244.5786,0.2956558
1,Finned Plate,46,9/12/2023,13:57:54,50.85762,45.24043,43.02168,42.58419,25.05684,10.30878,244.6565,0.2958478
1,Finned Plate,47,9/12/2023,13:58:15,50.49044,44.99824,42.80293,42.41231,25.20528,11.18306,244.6347,0.2958478
1,Finned Plate,48,9/12/2023,13:58:36,50.20137,44.74825,42.67012,42.18575,25.24824,10.82244,244.5786,0.2957872
1,Finned Plate,49,9/12/2023,13:58:57,49.94355,44.72482,42.56075,42.11544,25.38106,11.76281,244.4821,0.2956558
1,Finned Plate,50,9/12/2023,13:59:17,49.76389,44.52169,42.42794,42.00606,25.09199,11.05829,244.4821,0.2956558
1,Finned Plate,51,9/12/2023,13:59:38,49.63889,44.42012,42.25606,41.83418,25.44747,11.09984,244.6051,0.2957872
1,Finned Plate,52,9/12/2023,13:59:59,49.48262,44.38888,42.33418,41.84199,25.42794,11.95633,244.3746,0.2955346
1,Finned Plate,53,9/12/2023,14:00:19,49.38105,44.30294,42.1545,41.74044,25.39278,11.87553,244.4563,0.2956558
1,Finned Plate,54,9/12/2023,14:00:40,49.27168,44.17012,42.09981,41.58419,25.20528,10.84392,244.5303,0.2956558
1,Finned Plate,55,9/12/2023,14:01:01,49.24043,44.06856,41.94355,41.49825,25.32247,10.6583,244.6347,0.2958478
1,Finned Plate,56,9/12/2023,14:01:21,49.14668,44.02168,41.89668,41.48262,25.33028,11.16307,244.6682,0.2958478
1,Finned Plate,57,9/12/2023,14:01:42,49.09199,43.99043,41.91231,41.49825,25.32247,11.68678,244.6939,0.2958478
1,Finned Plate,58,9/12/2023,14:02:03,49.10762,43.95918,41.83418,41.38888,25.38888,10.59608,244.6861,0.2959084
1,Finned Plate,59,9/12/2023,14:02:24,49.02168,43.99824,41.8498,41.38105,25.17403,11.45943,244.7235,0.295969
1,Finned Plate,60,9/12/2023,14:02:44,49.00606,43.93574,41.77951,41.38888,25.48653,11.30767,244.5864,0.2959084
1,Finned Plate,61,9/12/2023,14:03:05,48.95137,43.99824,41.87324,41.49044,25.61153,12.38455,244.6417,0.2958478
1,Finned Plate,62,9/12/2023,14:03:26,48.95918,44.0373,41.93574,41.49825,25.56856,11.9949,244.623,0.2958478
1,Finned Plate,63,9/12/2023,14:03:46,48.95137,44.06856,41.99043,41.5295,25.56075,11.9735,244.7609,0.295969
1,Finned Plate,64,9/12/2023,14:04:07,48.95137,43.9748,41.87324,41.39668,25.44747,11.60164,244.75,0.2959084
1,Finned Plate,65,9/12/2023,14:06:02,52.95918,49.76389,48.02168,47.89668,28.18575,3.83E-02,245.0171,0.2961559
1,Finned Plate,66,9/12/2023,14:06:22,55.76389,53.24043,51.8498,52.02168,29.23263,9.22E-03,244.9166,0.295474
1,Finned Plate,67,9/12/2023,14:06:43,58.31857,55.70918,54.30294,54.25606,29.64278,2.30E-03,244.8979,0.2953427
1,Finned Plate,68,9/12/2023,14:07:04,61.08419,58.62326,57.17012,57.43575,30.20918,-2.77E-03,244.9727,0.2953427
1,Finned Plate,69,9/12/2023,14:07:24,63.60763,61.25606,59.6545,59.6545,30.467,-4.62E-03,244.9353,0.2952214
1,Finned Plate,70,9/12/2023,14:07:45,66.2336,63.92109,62.5295,62.74825,30.90449,-6.00E-03,244.9166,0.2950295
1,Finned Plate,71,9/12/2023,14:08:06,68.82735,66.68674,65.05391,65.07735,31.19356,-6.92E-03,244.8574,0.2949688
1,Finned Plate,72,9/12/2023,14:08:26,71.20235,68.8586,67.28048,67.25704,31.50606,-6.46E-03,244.9244,0.2949688
1,Finned Plate,73,9/12/2023,14:08:47,73.74142,71.43673,69.81953,69.91328,31.81074,-7.38E-03,244.9423,0.2947213
1,Finned Plate,74,9/12/2023,14:09:08,76.0461,73.91328,72.44455,72.51485,32.13106,-7.38E-03,244.7796,0.294537
1,Finned Plate,75,9/12/2023,14:09:29,78.2961,75.85078,74.28828,74.28828,32.33418,-7.84E-03,244.8092,0.2944764
1,Finned Plate,76,9/12/2023,14:09:49,80.14767,77.71799,76.0461,76.11641,32.55293,-7.84E-03,244.8574,0.2944764
1,Finned Plate,77,9/12/2023,14:10:10,82.22579,79.71799,78.05391,78.14767,32.71699,-7.84E-03,244.9244,0.2944082
1,Finned Plate,78,9/12/2023,14:10:31,84.26485,81.71016,80.26485,80.31174,32.87324,-7.84E-03,244.9353,0.2944764
1,Finned Plate,79,9/12/2023,14:10:51,86.13985,83.6008,81.96016,82.0461,33.04512,-8.30E-03,244.8683,0.2944082
1,Finned Plate,80,9/12/2023,14:11:44,83.3586,73.94453,71.27267,70.85078,26.99434,7.956837,244.7905,0.2941632
1,Finned Plate,81,9/12/2023,14:12:05,78.9836,68.9211,66.03828,65.61642,26.68184,8.268409,244.75,0.2941632
1,Finned Plate,82,9/12/2023,14:12:25,75.95235,66.22579,63.32637,62.87324,26.55685,8.087721,244.8349,0.2944764
1,Finned Plate,83,9/12/2023,14:12:46,72.71016,63.27168,60.30294,59.76389,26.42012,8.097402,244.7679,0.294537
1,Finned Plate,84,9/12/2023,14:13:07,69.56954,60.592,57.86543,57.38888,26.45528,8.310831,244.7313,0.2943501
1,Finned Plate,85,9/12/2023,14:13:27,67.44455,58.74825,56.09199,55.52169,26.20918,8.140865,244.7609,0.2946633
1,Finned Plate,86,9/12/2023,14:13:48,65.28828,56.467,53.91231,53.31857,26.09981,8.114397,244.6939,0.294782
1,Finned Plate,87,9/12/2023,14:14:09,63.38105,55.40451,52.84199,52.41231,26.20918,8.09088,244.7905,0.2949688
1,Finned Plate,88,9/12/2023,14:14:29,61.81074,54.09981,51.6545,51.14668,26.24043,8.139286,244.75,0.2950951
1,Finned Plate,89,9/12/2023,14:14:50,60.41231,53.0373,50.63107,50.17793,26.23263,8.201695,244.7126,0.2949688
1,Finned Plate,90,9/12/2023,14:15:11,59.23263,52.08419,49.67795,49.217,26.04512,7.891749,244.7679,0.2950951
1,Finned Plate,91,9/12/2023,14:15:32,58.18575,51.23263,48.84199,48.47482,26.07637,8.095822,244.8279,0.2951633
1,Finned Plate,92,9/12/2023,14:15:52,57.33418,50.49825,48.19356,47.75606,26.00996,7.984525,244.7422,0.2951633
1,Finned Plate,93,9/12/2023,14:16:13,56.53732,49.92793,47.67012,47.23263,25.99043,8.006475,244.8349,0.295282
1,Finned Plate,94,9/12/2023,14:16:34,55.85762,49.35762,47.05293,46.67012,25.95528,8.159236,244.8162,0.295282
1,Finned Plate,95,9/12/2023,14:16:54,55.31075,48.92012,46.64669,46.20918,26.1584,7.985515,244.7126,0.2951633
1,Finned Plate,96,9/12/2023,14:17:15,54.84199,48.56856,46.2248,45.77951,26.07247,8.223018,244.7126,0.2951633
1,Finned Plate,97,9/12/2023,14:17:36,54.45138,48.25606,46.0295,45.61544,26.02168,8.204065,244.7796,0.2953427
1,Finned Plate,98,9/12/2023,14:17:56,54.06856,47.9748,45.74044,45.32637,26.00606,8.111428,244.623,0.2952214
1,Finned Plate,99,9/12/2023,14:18:17,53.79512,47.74044,45.5295,45.13887,26.08809,8.001333,244.8279,0.2952214
1,Finned Plate,100,9/12/2023,14:18:38,53.51388,47.50606,45.342,44.88105,26.12324,8.0893,244.8465,0.2952214
1,Finned Plate,101,9/12/2023,14:18:59,53.24043,47.30294,45.11544,44.6545,26.08809,8.09029,244.954,0.2953427
1,Finned Plate,102,9/12/2023,14:19:19,53.12325,47.16231,45.02168,44.58419,26.11153,7.986503,244.9244,0.295474
1,Finned Plate,103,9/12/2023,14:19:40,52.90449,46.99824,44.85762,44.42012,25.967,8.180762,244.8683,0.295282
1,Finned Plate,104,9/12/2023,14:20:01,52.7717,46.95137,44.77951,44.37325,25.89277,8.093843,244.7609,0.2951633
1,Finned Plate,105,9/12/2023,14:20:21,52.70918,46.81074,44.64669,44.2795,25.92402,7.958815,244.6347,0.2950295
1,Finned Plate,106,9/12/2023,14:20:42,52.54512,46.77951,44.58419,44.12325,26.11934,8.139286,244.5677,0.2950295
1,Finned Plate,107,9/12/2023,14:21:03,52.45919,46.73263,44.49044,44.07637,26.06856,8.238609,244.7048,0.2950951
1,Finned Plate,108,9/12/2023,14:21:23,52.38888,46.592,44.42794,44.0373,26.15059,8.132373,244.8349,0.295282
1,Finned Plate,109,9/12/2023,14:21:44,52.34981,46.5295,44.41231,43.99043,25.93184,8.2011,244.6939,0.2951633
1,Finned Plate,110,9/12/2023,14:22:05,52.217,46.56075,44.342,43.92793,26.01387,8.136323,244.8349,0.2952214
1,Finned Plate,111,9/12/2023,14:23:33,61.85762,59.49044,57.85762,57.78732,30.50606,-2.31E-03,245.0693,0.295282
1,Finned Plate,112,9/12/2023,14:23:53,64.99141,62.52169,61.01387,60.967,31.0373,-6.00E-03,244.623,0.2945951
1,Finned Plate,113,9/12/2023,14:24:14,66.84297,64.36642,62.85762,62.81074,31.27168,-6.00E-03,244.75,0.2945951
1,Finned Plate,114,9/12/2023,14:24:34,69.44455,66.97578,65.27267,65.27267,31.55293,-6.92E-03,244.75,0.2946633
1,Finned Plate,115,9/12/2023,14:24:55,71.65548,69.12423,67.45235,67.49923,31.83418,-6.92E-03,244.623,0.2944082
1,Finned Plate,116,9/12/2023,14:25:16,74.05391,71.68674,70.06172,70.08516,32.09199,-7.38E-03,244.6752,0.2943501
1,Finned Plate,117,9/12/2023,14:25:36,76.12423,74.01485,72.3586,72.38204,32.37325,-7.38E-03,244.7313,0.2942894
1,Finned Plate,118,9/12/2023,14:25:57,78.57736,75.99922,74.36642,74.43673,32.56075,-7.84E-03,244.6861,0.2940975
1,Finned Plate,119,9/12/2023,14:26:18,80.49142,77.9211,76.77267,76.84297,32.81074,-7.84E-03,244.75,0.2942289
1,Finned Plate,120,9/12/2023,14:26:39,82.56173,79.88985,78.21017,78.41329,32.99824,-8.30E-03,244.7422,0.2940975
1,Finned Plate,121,9/12/2023,14:26:59,84.43673,81.88203,80.2336,80.30392,33.12325,-8.30E-03,244.8279,0.2940369
1,Finned Plate,122,9/12/2023,14:27:20,86.57736,84.12423,82.43673,82.55392,33.35762,-7.84E-03,244.6861,0.2939157
1,Finned Plate,123,9/12/2023,14:27:41,88.24923,85.78048,84.07735,84.21017,33.49825,-8.30E-03,244.7126,0.2939157
1,Finned Plate,124,9/12/2023,14:28:01,90.13204,87.28828,85.53829,85.69454,33.62326,-8.30E-03,244.887,0.2939157
1,Finned Plate,125,9/12/2023,14:29:55,79.74922,71.88985,69.0461,68.77267,27.64278,5.199865,244.5864,0.2937237
1,Finned Plate,126,9/12/2023,14:30:15,78.28048,70.39766,67.77267,67.44455,27.49044,5.076074,244.623,0.2942289
1,Finned Plate,127,9/12/2023,14:30:36,76.77267,69.12423,66.45235,66.19453,27.39668,5.080626,244.5973,0.2942894
1,Finned Plate,128,9/12/2023,14:30:56,75.34298,67.69454,65.1086,64.85078,27.33028,4.889841,244.75,0.2944764
1,Finned Plate,129,9/12/2023,14:31:17,74.03828,66.65548,64.08516,63.80391,27.28731,4.993601,244.8162,0.2945951
1,Finned Plate,130,9/12/2023,14:31:38,72.80391,65.6086,63.09981,62.74825,27.29513,5.155426,244.6861,0.2944764
1,Finned Plate,131,9/12/2023,14:31:59,71.80391,64.59298,62.05293,61.72482,27.20137,5.193721,244.6861,0.294537
1,Finned Plate,132,9/12/2023,14:32:19,70.81172,63.70918,61.24043,60.81074,27.25997,4.985495,244.7422,0.2945951
1,Finned Plate,133,9/12/2023,14:32:40,69.83516,63.02168,60.50606,60.24824,27.20918,5.077557,244.75,0.2947213
1,Finned Plate,134,9/12/2023,14:33:01,69.12423,62.49825,59.89668,59.51388,27.16621,4.982831,244.8792,0.2949083
1,Finned Plate,135,9/12/2023,14:33:21,68.42892,61.85762,59.39668,59.06074,27.24434,4.993114,244.5599,0.2945951
1,Finned Plate,136,9/12/2023,14:33:42,67.80391,61.29513,58.77951,58.54512,27.19356,4.931336,244.5599,0.2944764
1,Finned Plate,137,9/12/2023,14:34:03,67.20235,60.75606,58.35762,58.0295,27.17403,4.998742,244.887,0.294782
1,Finned Plate,138,9/12/2023,14:34:23,66.7258,60.31857,57.92012,57.58419,27.1584,4.909797,244.6752,0.2946633
1,Finned Plate,139,9/12/2023,14:34:44,66.28048,59.93574,57.56075,57.32637,27.20918,4.997167,244.6861,0.2946633
1,Finned Plate,140,9/12/2023,14:35:05,65.88985,59.58419,57.24043,56.95137,27.217,5.076074,244.623,0.2942289
1,Finned Plate,141,9/12/2023,14:35:26,65.46799,59.2795,56.88887,56.62326,27.19746,4.993601,244.5973,0.2945951
1,Finned Plate,142,9/12/2023,14:35:46,65.20235,59.02168,56.67012,56.36544,27.12324,5.189662,244.6347,0.2946633
1,Finned Plate,143,9/12/2023,14:36:07,64.8586,58.67795,56.34981,56.06074,27.10762,4.83918,244.6682,0.2942289
1,Finned Plate,144,9/12/2023,14:36:28,64.6086,58.53732,56.20918,55.90449,27.13887,5.000329,244.5864,0.2946633
1,Finned Plate,145,9/12/2023,14:36:48,64.37422,58.34981,56.02168,55.70918,27.16231,4.98649,244.5677,0.2945951
1,Finned Plate,146,9/12/2023,14:37:09,64.14767,58.17012,55.88887,55.55293,27.14668,4.901106,244.4042,0.2945951
1,Finned Plate,147,9/12/2023,14:37:30,63.95234,58.06856,55.68576,55.32637,27.18575,4.938455,244.6565,0.294782
1,Finned Plate,148,9/12/2023,14:37:50,63.84297,57.88105,55.57637,55.26387,27.14668,4.881151,244.6861,0.2947213
1,Finned Plate,149,9/12/2023,14:38:11,63.63107,57.72482,55.42012,55.10762,27.1545,4.887272,244.5599,0.294537
1,Finned Plate,150,9/12/2023,14:38:32,63.49044,57.58419,55.31857,54.967,27.18575,4.986977,244.4633,0.2944082
1,Finned Plate,151,9/12/2023,14:38:52,63.41231,57.50606,55.19356,54.88887,27.19356,4.98649,244.475,0.2946633
1,Finned Plate,152,9/12/2023,14:39:13,63.24824,57.41231,55.09981,54.76389,27.11934,4.88273,244.5599,0.294537
1,Finned Plate,153,9/12/2023,14:39:34,63.18575,57.34981,55.0373,54.70137,27.09981,5.063815,244.5973,0.2947213
1,Finned Plate,154,9/12/2023,14:39:55,63.07637,57.23263,54.9748,54.66231,27.20918,5.011597,244.5599,0.2944764
1,Finned Plate,155,9/12/2023,14:40:15,62.98262,57.16231,54.8498,54.54512,27.08418,5.0648,244.2406,0.2942289
1,Finned Plate,156,9/12/2023,14:40:36,62.88887,57.09199,54.82637,54.54512,27.13496,5.081124,244.4563,0.294537
1,Finned Plate,157,9/12/2023,14:40:57,62.85762,57.06074,54.79512,54.48262,27.15059,5.197384,244.5303,0.2945951
1,Finned Plate,158,9/12/2023,14:41:17,62.81074,57.01387,54.74825,54.43575,27.09981,5.105158,244.4821,0.2945951
1,Finned Plate,159,9/12/2023,14:41:38,62.74044,57.01387,54.70137,54.37325,27.1584,5.071925,244.542,0.2945951
1,Finned Plate,160,9/12/2023,14:41:59,62.75606,56.98262,54.67012,54.38105,27.13887,5.081612,244.5677,0.2945951
1,Finned Plate,161,9/12/2023,14:42:19,62.67795,56.92012,54.63107,54.36544,27.12324,4.942009,244.616,0.2946633
1,Finned Plate,162,9/12/2023,14:42:40,62.67795,56.87324,54.58419,54.27168,27.12324,5.001811,244.5677,0.2945951
1,Flat Plate,0,9/14/2023,13:25:24,42.35762,22.79512,22.80293,22.80293,22.67403,-9.23E-03,246.7213,0.2924155
1,Flat Plate,1,9/14/2023,13:25:45,47.5295,22.81074,22.81074,22.81855,22.68965,-9.69E-03,246.7695,0.2922968
1,Flat Plate,2,9/14/2023,13:26:06,52.79512,22.8498,22.79904,22.87715,22.74825,-9.23E-03,246.6839,0.2919836
1,Flat Plate,3,9/14/2023,13:26:26,57.58419,22.84199,22.84199,22.86543,22.73652,-8.76E-03,246.8139,0.291923
1,Flat Plate,4,9/14/2023,13:26:47,62.47482,22.88887,22.88887,22.86543,22.73652,-9.23E-03,246.6839,0.2914836
1,Flat Plate,5,9/14/2023,13:27:08,68.13985,22.93965,22.88887,22.91231,22.7834,-8.76E-03,246.6396,0.2912967
1,Flat Plate,6,9/14/2023,13:27:28,71.63986,22.92012,22.89668,22.92012,22.79123,-9.23E-03,246.8139,0.2912361
1,Flat Plate,7,9/14/2023,13:27:49,76.1711,22.99434,22.9709,22.94355,22.79123,-9.23E-03,246.9696,0.2911704
1,Flat Plate,8,9/14/2023,13:28:10,80.44455,22.95918,22.98652,22.98652,22.85762,-8.76E-03,245.0358,0.2885517
1,Flat Plate,9,9/14/2023,13:28:31,78.00703,23.00215,22.90059,22.97481,22.87324,10.48806,244.9727,0.2883698
1,Flat Plate,10,9/14/2023,13:28:51,77.43673,22.99043,23.04122,23.01778,22.86152,11.38033,244.9797,0.288491
1,Flat Plate,11,9/14/2023,13:29:12,77.22579,23.0334,22.98262,22.98262,22.87715,11.31444,245.0171,0.2886097
1,Flat Plate,12,9/14/2023,13:29:33,77.05391,23.02168,23.04902,23.04902,22.92012,11.22922,245.0693,0.288683
1,Flat Plate,13,9/14/2023,13:29:53,77.22579,23.05684,23.0295,23.05684,22.92793,10.6417,245.0171,0.2885517
1,Flat Plate,14,9/14/2023,13:30:14,76.96797,22.99434,23.04512,23.07247,22.91621,11.12533,244.9353,0.2884304
1,Flat Plate,15,9/14/2023,13:30:35,76.7961,23.08809,23.06074,23.08809,22.98652,11.83515,244.9057,0.2882385
1,Flat Plate,16,9/14/2023,13:30:55,76.9836,23.11153,23.08418,23.08418,23.0334,10.86973,244.8792,0.2885517
1,Flat Plate,17,9/14/2023,13:31:16,76.96016,23.11153,23.11153,23.08418,23.00996,10.42562,244.7983,0.2883092
1,Flat Plate,18,9/14/2023,13:31:37,76.93672,23.10762,23.13496,23.10762,23.00606,10.69739,244.8574,0.288491
1,Flat Plate,19,9/14/2023,13:31:58,77.02266,23.09981,23.12324,23.15059,23.04902,10.51408,244.954,0.288491
1,Flat Plate,20,9/14/2023,13:32:18,77.05391,23.18184,23.18965,23.13887,23.0373,10.72464,244.8465,0.2884304
1,Flat Plate,21,9/14/2023,13:32:39,77.07735,23.18184,23.18184,23.1545,23.08027,10.72406,244.8792,0.2883092
1,Flat Plate,22,9/14/2023,13:33:00,77.13204,23.19746,23.17012,23.14668,23.10371,10.23036,244.8574,0.288491
1,Flat Plate,23,9/14/2023,13:33:20,77.14767,23.18575,23.21309,23.16231,23.08418,10.37826,244.7796,0.2882385
1,Flat Plate,24,9/14/2023,13:33:41,77.21017,23.20137,23.20137,23.22871,23.12716,10.48844,244.7905,0.2883698
1,Flat Plate,25,9/14/2023,13:34:02,77.20235,23.217,23.24434,23.24434,23.11544,10.33008,244.7983,0.2883698
1,Flat Plate,26,9/14/2023,13:34:22,77.2336,23.22481,23.20137,23.22481,23.15059,10.27592,244.7796,0.2883092
1,Flat Plate,27,9/14/2023,13:34:43,77.31954,23.217,23.217,23.26777,23.11934,10.25651,244.5599,0.2881173
1,Flat Plate,28,9/14/2023,13:35:04,77.38204,23.26387,23.26387,23.31465,23.21309,10.22516,244.6682,0.2882385
1,Flat Plate,29,9/14/2023,13:35:24,77.44455,23.32247,23.27168,23.29903,23.19746,10.3608,244.6939,0.2882385
1,Flat Plate,30,9/14/2023,13:35:45,77.45235,23.2795,23.2795,23.2795,23.17793,10.21094,244.7048,0.2882385
1,Flat Plate,31,9/14/2023,13:36:06,80.6086,23.33028,23.33028,23.30294,23.2795,1.331652,244.8792,0.2883698
1,Flat Plate,32,9/14/2023,13:36:27,81.66328,23.29513,23.31857,23.31857,23.29513,5.396161,244.5233,0.2879305
1,Flat Plate,33,9/14/2023,13:36:47,82.13985,23.35371,23.32637,23.32637,23.30294,6.618817,244.7905,0.2881779
1,Flat Plate,34,9/14/2023,13:37:08,82.40548,23.342,23.342,23.39278,23.342,7.313043,244.6417,0.2879961
1,Flat Plate,35,9/14/2023,13:37:29,82.4836,23.34981,23.40059,23.37715,23.32637,7.739716,244.8279,0.2881173
1,Flat Plate,36,9/14/2023,13:37:49,82.5461,23.36544,23.39278,23.39278,23.31465,7.932309,244.7313,0.2881173
1,Flat Plate,37,9/14/2023,13:38:10,82.62424,23.38106,23.40841,23.35762,23.33028,8.049376,244.7905,0.2882385
1,Flat Plate,38,9/14/2023,13:38:31,82.6086,23.41622,23.36544,23.43965,23.36544,7.826254,244.7313,0.2881173
1,Flat Plate,39,9/14/2023,13:38:51,82.74142,23.45528,23.43184,23.43184,23.38106,7.914701,244.7905,0.2881173
1,Flat Plate,40,9/14/2023,13:39:12,82.71016,23.44747,23.42012,23.44747,23.36934,7.897883,244.6565,0.2879305
1,Flat Plate,41,9/14/2023,13:39:33,82.82735,23.42794,23.43575,23.46309,23.41231,7.762683,244.8979,0.2882385
1,Flat Plate,42,9/14/2023,13:39:54,82.88985,23.44356,23.47091,23.52169,23.44356,7.720733,244.7609,0.2881173
1,Flat Plate,43,9/14/2023,13:40:14,82.87422,23.50216,23.45138,23.50216,23.40059,7.984525,244.549,0.2879305
1,Flat Plate,44,9/14/2023,13:40:35,83.0461,23.467,23.49435,23.49435,23.467,7.893332,244.7609,0.2881173
1,Flat Plate,45,9/14/2023,13:40:56,83.0461,23.45919,23.50996,23.5334,23.48262,7.937451,244.5007,0.287683
1,Flat Plate,46,9/14/2023,13:41:16,83.1711,23.49825,23.52559,23.47482,23.49825,7.866642,244.7796,0.2881173
1,Flat Plate,47,9/14/2023,13:41:37,83.15548,23.58419,23.5334,23.5334,23.50606,7.692566,244.7609,0.2879961
1,Flat Plate,48,9/14/2023,13:41:58,83.32735,23.54903,23.54903,23.52169,23.49825,7.673579,244.5786,0.2878698
1,Flat Plate,49,9/14/2023,13:42:18,83.28048,23.53732,23.56466,23.53732,23.53732,7.893727,244.7313,0.2879305
1,Flat Plate,50,9/14/2023,13:42:39,83.35078,23.57247,23.5959,23.54513,23.54513,7.782907,244.7679,0.2880567
1,Flat Plate,51,9/14/2023,13:43:00,83.36642,23.58809,23.61153,23.61153,23.58809,7.700294,244.549,0.287683
1,Flat Plate,52,9/14/2023,13:43:20,83.49923,23.62716,23.57637,23.63497,23.61153,7.692566,244.4229,0.2876173
1,Flat Plate,53,9/14/2023,13:43:41,83.44455,23.61934,23.592,23.67012,23.61934,7.985909,244.6565,0.2878698
1,Flat Plate,54,9/14/2023,13:44:02,83.47579,23.62716,23.65059,23.67795,23.62716,7.863655,244.549,0.2878042
1,Flat Plate,55,9/14/2023,13:44:23,83.56954,23.63497,23.63497,23.63497,23.60763,7.714169,244.5973,0.2877436
1,Flat Plate,56,9/14/2023,13:44:43,83.5461,23.67403,23.65059,23.65059,23.65059,7.91846,244.5677,0.2877436
1,Flat Plate,57,9/14/2023,13:45:04,83.53829,23.63889,23.68965,23.66623,23.66623,7.988481,244.616,0.2878698
1,Flat Plate,58,9/14/2023,13:45:25,83.69454,23.66623,23.68965,23.66623,23.68965,7.780126,244.6347,0.287683
1,Flat Plate,59,9/14/2023,13:45:45,83.66328,23.68184,23.70529,23.70529,23.68184,7.778755,244.549,0.2878042
1,Flat Plate,60,9/14/2023,13:46:06,83.71799,23.66231,23.66231,23.63889,23.74044,7.778755,244.542,0.2877436
1,Flat Plate,61,9/14/2023,13:46:27,83.7258,23.69748,23.67012,23.72091,23.69748,7.743703,244.5786,0.2878042
1,Flat Plate,62,9/14/2023,13:46:47,83.73361,23.67795,23.7131,23.73652,23.7131,7.845641,244.6752,0.2880567
1,Flat Plate,63,9/14/2023,13:47:08,83.67112,23.73652,23.76389,23.7131,23.73652,7.958815,244.6565,0.2879305
1,Flat Plate,64,9/14/2023,13:47:29,83.74922,23.72091,23.69357,23.69357,23.74436,7.739716,244.6861,0.2879305
1,Flat Plate,65,9/14/2023,13:47:50,83.75706,23.70138,23.72872,23.70138,23.75216,7.780126,244.7905,0.2879961
1,Flat Plate,66,9/14/2023,13:48:10,83.81172,23.70918,23.73652,23.73652,23.78732,7.892343,244.7609,0.2879961
1,Flat Plate,67,9/14/2023,13:48:31,83.85078,23.77559,23.75216,23.75216,23.75216,7.783281,244.7422,0.2879961
1,Flat Plate,68,9/14/2023,13:48:52,83.82735,23.77559,23.77559,23.75216,23.77559,7.825258,244.8092,0.2880567
1,Flat Plate,69,9/14/2023,13:49:12,83.84297,23.79123,23.81855,23.76778,23.84199,7.671168,244.75,0.2880567
1,Flat Plate,70,9/14/2023,13:49:33,83.87422,23.79904,23.79904,23.79904,23.77559,7.870378,244.6417,0.2878698
1,Flat Plate,71,9/14/2023,13:49:54,83.94453,23.80684,23.80684,23.83418,23.83418,8.109061,244.7126,0.2878698
1,Flat Plate,72,9/14/2023,13:50:14,83.91328,23.86543,23.79123,23.84199,1.00E-30,7.740338,244.6417,0.2879305
1,Flat Plate,73,9/14/2023,13:50:35,83.93672,23.79904,23.82246,23.82246,23.82246,7.891353,244.7048,0.2878698
1,Flat Plate,74,9/14/2023,13:50:56,83.95235,23.83809,23.8459,23.82246,23.87324,6.932977,244.8162,0.2879305
1,Flat Plate,75,9/14/2023,13:51:16,85.49923,23.85371,23.85371,23.83027,23.88106,5.345335,244.6347,0.2877436
1,Flat Plate,76,9/14/2023,13:51:37,86.87422,23.86152,23.83809,23.83809,23.86152,5.103177,244.6939,0.2878698
1,Flat Plate,77,9/14/2023,13:51:58,88.09298,23.8459,23.92012,23.8459,23.81855,4.927187,244.8092,0.2879305
1,Flat Plate,78,9/14/2023,13:52:19,89.21797,23.85371,23.87715,23.85371,23.90449,4.996669,244.887,0.2878698
1,Flat Plate,79,9/14/2023,13:52:39,90.20235,23.87715,23.85371,23.86152,23.91231,4.925705,244.7609,0.2877436
1,Flat Plate,80,9/14/2023,13:53:00,91.12423,23.92012,23.92012,23.92012,23.92012,4.979867,244.7983,0.2877436
1,Flat Plate,81,9/14/2023,13:53:21,92.20235,23.92793,23.90059,23.87715,23.92793,4.94962,244.9244,0.2879305
1,Flat Plate,82,9/14/2023,13:53:41,92.99922,23.9084,23.85762,23.85762,23.9084,4.996669,244.9166,0.2878698
1,Flat Plate,83,9/14/2023,13:54:02,93.82735,23.91621,23.94355,23.91621,23.91621,5.200851,244.8574,0.2878698
1,Flat Plate,84,9/14/2023,13:54:23,94.63204,23.92402,23.95137,23.92402,24.00215,5.080129,244.8349,0.2877436
1,Flat Plate,85,9/14/2023,13:54:43,95.36642,23.93184,23.9084,23.9084,23.98262,4.853101,244.7048,0.2876173
1,Flat Plate,86,9/14/2023,13:55:04,96.03828,23.967,23.91621,23.88887,23.967,4.730011,244.6939,0.2874961
1,Flat Plate,87,9/14/2023,13:55:25,96.70235,23.94746,23.92402,23.89668,23.99824,4.903079,244.8465,0.2874961
1,Flat Plate,88,9/14/2023,13:55:46,97.3586,23.96309,23.93965,23.93965,23.99043,4.889349,244.8092,0.2873699
1,Flat Plate,89,9/14/2023,13:56:06,97.92891,23.97871,23.97871,23.97871,24.00606,5.057582,244.7983,0.2870643
1,Flat Plate,90,9/14/2023,13:56:27,96.27267,23.97871,24.00606,23.93574,24.06465,10.78346,-0.488466,-3.05E-03
1,Flat Plate,91,9/14/2023,14:02:29,89.1711,24.17012,24.14278,24.14278,24.24434,-7.84E-03,244.6939,0.2879305
2,Flat Plate,92,9/14/2023,14:02:49,85.63986,24.09981,24.15059,24.12716,24.25216,11.1808,244.7235,0.2878698
2,Flat Plate,93,9/14/2023,14:03:10,84.71799,24.15059,24.12716,24.17793,24.25216,11.07547,244.7235,0.2879305
2,Flat Plate,94,9/14/2023,14:03:30,84.24141,24.19356,24.14278,24.16621,24.29513,10.73093,244.6682,0.2879305
2,Flat Plate,95,9/14/2023,14:03:51,83.77267,24.17403,24.15059,24.17403,24.25216,10.93293,244.2554,0.287438
2,Flat Plate,96,9/14/2023,14:04:12,83.31174,24.18184,24.18184,24.18184,24.2834,10.96989,244.3372,0.2874961
2,Flat Plate,97,9/14/2023,14:04:32,82.74142,24.18184,24.20918,24.20918,24.23263,10.9058,244.3185,0.2874961
2,Flat Plate,98,9/14/2023,14:04:53,82.42892,24.18965,24.18965,24.18965,24.26777,11.11702,244.3855,0.2875567
2,Flat Plate,99,9/14/2023,14:05:14,82.03047,24.18965,24.18965,24.217,24.26777,11.08095,244.3668,0.2876173
2,Flat Plate,100,9/14/2023,14:05:35,81.73361,24.18965,24.18965,24.16621,24.26777,11.09644,244.412,0.2873699
2,Flat Plate,101,9/14/2023,14:05:55,81.42111,24.217,24.18965,24.16621,24.24043,11.42946,244.3488,0.2873042
2,Flat Plate,102,9/14/2023,14:06:16,80.99922,24.19746,24.22481,24.22481,24.24824,11.3071,244.4229,0.2877436
2,Flat Plate,103,9/14/2023,14:06:37,80.70235,24.17403,24.22481,24.22481,24.2756,11.03766,244.4415,0.287683
2,Flat Plate,104,9/14/2023,14:06:57,80.50705,24.18184,24.20528,24.23263,24.33418,11.24485,244.4937,0.2878042
2,Flat Plate,105,9/14/2023,14:07:18,80.26485,24.21309,24.26387,24.24043,24.29121,10.97804,244.4821,0.2877436
2,Flat Plate,106,9/14/2023,14:07:39,80.03828,24.18965,24.26387,24.16231,24.29121,10.97597,244.5973,0.2878698
2,Flat Plate,107,9/14/2023,14:07:59,79.91328,24.24824,24.2209,24.24824,24.34981,10.97502,244.6347,0.2879305
2,Flat Plate,108,9/14/2023,14:08:20,79.7258,24.2209,24.2209,24.25606,24.35762,11.15798,244.3559,0.2877436
2,Flat Plate,109,9/14/2023,14:08:41,79.51485,24.28731,24.28731,24.26387,24.3381,11.097,244.2632,0.2878042
2,Flat Plate,110,9/14/2023,14:09:02,79.38204,24.23653,24.23653,24.23653,24.36544,10.9466,244.5303,0.2878698
2,Flat Plate,111,9/14/2023,14:09:22,79.20235,24.23653,24.26387,24.28731,24.3381,11.20134,244.5116,0.2878698
2,Flat Plate,112,9/14/2023,14:09:43,79.0461,24.24434,24.24434,24.2209,24.34591,10.95396,244.412,0.2878042
2,Flat Plate,113,9/14/2023,14:10:04,79.00703,24.2795,24.25216,24.25216,24.38106,11.11457,244.3855,0.2877436
2,Flat Plate,114,9/14/2023,14:10:24,78.82735,24.25216,24.25216,24.2795,24.35371,11.08019,244.2406,0.2876173
2,Flat Plate,115,9/14/2023,14:10:45,78.7258,24.29513,24.31857,24.24434,24.36934,11.17891,244.412,0.2878042
2,Flat Plate,116,9/14/2023,14:11:06,78.63986,24.24434,24.31857,24.29513,24.36934,10.95396,244.3185,0.2876173
2,Flat Plate,117,9/14/2023,14:11:26,78.44455,24.30294,24.2756,24.25216,24.4045,11.05924,244.3746,0.287683
2,Flat Plate,118,9/14/2023,14:11:47,78.46799,24.2834,24.2834,24.31075,24.41231,10.95396,244.3488,0.2877436
2,Flat Plate,119,9/14/2023,14:12:08,78.36642,24.31857,24.31857,24.26777,24.42012,11.17665,244.3372,0.2876173
2,Flat Plate,120,9/14/2023,14:12:28,78.30392,24.29903,24.32637,24.29903,24.42794,10.88892,244.2741,0.2876173
2,Flat Plate,121,9/14/2023,14:12:49,78.31174,24.33418,24.30684,24.2834,24.40841,10.94414,244.2632,0.2876173
2,Flat Plate,122,9/14/2023,14:13:10,78.17892,24.30684,24.342,24.31465,24.467,11.0783,244.3185,0.287683
2,Flat Plate,123,9/14/2023,14:13:31,81.8586,24.36544,24.36544,24.342,24.39278,0.5040009,244.6347,0.2879961
2,Flat Plate,124,9/14/2023,14:13:51,85.94453,24.34981,24.34981,24.37325,24.45138,4.34E-02,244.475,0.287683
2,Flat Plate,125,9/14/2023,14:14:12,89.06172,24.37325,24.29903,24.32247,24.45138,0.4650601,244.1253,0.2873042
2,Flat Plate,126,9/14/2023,14:14:33,87.95235,24.38106,24.35762,24.33028,24.467,6.494798,244.3855,0.2873699
2,Flat Plate,127,9/14/2023,14:14:53,87.46016,24.31465,24.36544,24.3381,24.467,8.093843,244.4937,0.2874961
2,Flat Plate,128,9/14/2023,14:15:14,87.10079,24.3381,24.3381,24.3381,24.43965,8.201695,244.3115,0.2872436
2,Flat Plate,129,9/14/2023,14:15:35,86.88203,24.38888,24.31465,24.36544,24.467,8.417507,244.3932,0.2873699
2,Flat Plate,130,9/14/2023,14:15:55,86.59298,24.37325,24.39668,24.32247,24.44747,8.222619,244.4937,0.2872436
2,Flat Plate,131,9/14/2023,14:16:16,86.33517,24.43184,24.4045,24.35371,24.45528,8.091471,244.5116,0.2875567
2,Flat Plate,132,9/14/2023,14:16:37,86.15548,24.35371,24.38106,24.35371,24.43184,8.135335,244.5599,0.2875567
2,Flat Plate,133,9/14/2023,14:16:58,85.85078,24.41231,24.41231,24.36154,24.51388,8.265058,244.616,0.287683
2,Flat Plate,134,9/14/2023,14:17:18,85.67892,24.36934,24.36934,24.34591,24.52169,8.546129,244.3185,0.2872436
2,Flat Plate,135,9/14/2023,14:17:39,85.5461,24.36934,24.44747,24.36934,24.49825,8.417507,244.3559,0.2872436
2,Flat Plate,136,9/14/2023,14:18:00,85.36642,24.39668,24.36934,24.39668,24.49825,8.198734,244.3372,0.2874961
2,Flat Plate,137,9/14/2023,14:18:20,85.18673,24.42012,24.39668,24.35371,24.50606,8.092859,244.412,0.287438
2,Flat Plate,138,9/14/2023,14:18:41,85.15548,24.41231,24.43575,24.41231,24.56466,8.093843,244.5864,0.2876173
2,Flat Plate,139,9/14/2023,14:19:02,84.9836,24.42012,24.39278,24.39278,24.57247,8.09444,244.4338,0.287438
2,Flat Plate,140,9/14/2023,14:19:22,84.81172,24.42794,24.40059,24.40059,24.50216,8.201695,244.1557,0.2873699
2,Flat Plate,141,9/14/2023,14:19:43,84.67892,24.42794,24.42794,24.42794,24.55293,8.203077,244.3006,0.2873042
2,Flat Plate,142,9/14/2023,14:20:04,84.50705,24.43575,24.40841,24.45919,24.53732,8.092859,244.412,0.2874961
2,Flat Plate,143,9/14/2023,14:20:24,84.4836,24.43575,24.43575,24.45919,24.53732,8.067956,244.2819,0.2873042
2,Flat Plate,144,9/14/2023,14:20:45,84.38985,24.40841,24.43575,24.43575,24.56075,8.09029,244.3006,0.2873042
2,Flat Plate,145,9/14/2023,14:21:06,84.31174,24.467,24.41622,24.41622,24.54513,8.245522,244.412,0.2874961
2,Flat Plate,146,9/14/2023,14:21:27,84.1711,24.44356,24.44356,24.44356,24.5959,8.394049,244.211,0.287438
2,Flat Plate,147,9/14/2023,14:21:47,84.1711,24.45138,24.45138,24.45138,24.57637,8.198734,244.137,0.287183
2,Flat Plate,148,9/14/2023,14:22:08,84.15548,24.45138,24.45138,24.37325,24.60372,8.042655,244.4563,0.287438
2,Flat Plate,149,9/14/2023,14:22:29,83.99922,24.45138,24.40059,24.45138,24.55293,8.133756,244.4042,0.2873042
2,Flat Plate,150,9/14/2023,14:22:49,83.99922,24.45138,24.45138,24.45138,24.52559,8.203077,244.4229,0.2875567
2,Flat Plate,151,9/14/2023,14:23:10,83.9836,24.45919,24.48262,24.40841,24.58419,8.437407,244.5599,0.2875567
2,Flat Plate,152,9/14/2023,14:23:31,83.9836,24.49044,24.49044,24.49044,24.61934,8.176813,244.6417,0.2875567
2,Flat Plate,153,9/14/2023,14:23:51,83.92891,24.467,24.43965,24.49044,24.61934,8.160225,244.6682,0.2877436
2,Flat Plate,154,9/14/2023,14:24:12,83.84297,24.49825,24.44747,24.47482,24.57637,8.201695,244.542,0.2876173
2,Flat Plate,155,9/14/2023,14:24:33,83.82735,24.50606,24.48262,24.48262,24.60763,8.219659,244.4821,0.2876173
2,Flat Plate,156,9/14/2023,14:24:54,83.76487,24.43184,24.43184,24.46309,24.66623,8.197745,244.5599,0.287683
2,Flat Plate,157,9/14/2023,14:25:14,83.77267,24.51388,24.46309,24.47091,24.62326,7.402923,244.4937,0.2874961
2,Flat Plate,158,9/14/2023,14:25:35,85.66328,24.49825,24.49825,24.54903,24.67403,5.242926,244.5973,0.2876173
2,Flat Plate,159,9/14/2023,14:25:56,86.71016,24.50606,24.5295,24.5295,24.63107,5.013079,244.5786,0.287683
2,Flat Plate,160,9/14/2023,14:26:16,88.00703,24.50606,24.5295,24.47872,24.63107,4.990636,244.6682,0.287683
2,Flat Plate,161,9/14/2023,14:26:37,89.06954,24.53732,24.48653,24.53732,24.66623,4.834732,244.5864,0.2875567
2,Flat Plate,162,9/14/2023,14:26:58,90.1711,24.54513,24.47091,24.48653,24.63889,4.990636,244.4633,0.287438
2,Flat Plate,163,9/14/2023,14:27:18,91.03828,24.49435,24.49435,24.54513,24.64669,4.992118,244.2406,0.2870643
2,Flat Plate,164,9/14/2023,14:27:39,91.88203,24.54513,24.49435,24.54513,24.64669,5.078552,244.1666,0.2869305
2,Flat Plate,165,9/14/2023,14:28:00,92.81172,24.49435,24.52169,24.54513,24.69748,4.754382,244.6417,0.2875567
2,Flat Plate,166,9/14/2023,14:28:20,93.74142,24.57247,24.52169,24.54513,24.67403,4.748856,244.7235,0.2874961
2,Flat Plate,167,9/14/2023,14:28:41,94.51485,24.52169,24.52169,24.52169,24.67403,5.025832,244.5864,0.2873042
2,Flat Plate,168,9/14/2023,14:29:02,95.17892,24.54513,24.52169,24.54513,24.64669,4.838682,244.8162,0.287683
2,Flat Plate,169,9/14/2023,14:29:23,95.91328,24.58029,24.5295,24.5295,24.6545,4.98451,244.8979,0.2875567
2,Flat Plate,170,9/14/2023,14:29:43,96.49142,24.58809,24.50996,24.50996,24.68965,5.017724,244.954,0.2877436
2,Flat Plate,171,9/14/2023,14:30:04,97.26485,24.53732,24.50996,24.56075,24.66231,4.801462,244.9984,0.2878042
2,Flat Plate,172,9/14/2023,14:30:25,97.77267,24.50996,24.56075,24.53732,24.66231,5.018222,245.0358,0.2876173
2,Flat Plate,173,9/14/2023,14:30:45,98.24141,24.56856,24.49435,24.56856,24.69748,5.193721,244.8162,0.2874961
2,Finned Plate,7,9/14/2023,15:00:41,25.05684,24.90449,24.87715,24.87715,29.70529,-8.76E-03,-0.676632,-5.25E-03
2,Finned Plate,8,9/14/2023,15:01:02,25.08027,25.10762,25.05684,25.0295,29.72872,-8.76E-03,-0.676632,-5.30E-03
2,Finned Plate,9,9/14/2023,15:01:22,25.1584,25.13106,25.05684,25.08027,29.72872,-8.76E-03,-0.6865163,-5.30E-03
2,Finned Plate,10,9/14/2023,15:01:43,25.64669,25.36934,25.217,25.11544,29.66231,-8.76E-03,246.8583,0.3033821
2,Finned Plate,11,9/14/2023,15:02:04,27.69357,26.73652,26.02559,26.08418,29.81855,-8.76E-03,246.5944,0.3030159
2,Finned Plate,12,9/14/2023,15:02:25,30.40059,29.01387,27.90449,27.70138,29.8459,-8.76E-03,246.8839,0.3032609
2,Finned Plate,13,9/14/2023,15:02:45,32.43575,30.92402,29.67012,29.51778,29.81855,-8.76E-03,246.7283,0.3029477
2,Finned Plate,14,9/14/2023,15:03:06,34.75606,33.25606,31.77951,31.75606,29.72091,-8.76E-03,246.5578,0.3028214
2,Finned Plate,15,9/14/2023,15:03:27,37.07637,35.5295,33.99043,33.86543,29.59982,-8.76E-03,246.8839,0.3030159
2,Finned Plate,16,9/14/2023,15:03:47,39.17793,37.592,36.13106,35.85762,29.57637,-8.30E-03,246.8435,0.3026421
2,Finned Plate,17,9/14/2023,15:04:08,41.39668,39.95137,38.63889,38.467,29.55685,-8.76E-03,246.6839,0.3026421
2,Finned Plate,18,9/14/2023,15:04:29,43.51388,41.967,40.29513,40.17012,29.45528,-8.30E-03,246.7026,0.3025082
2,Finned Plate,19,9/14/2023,15:04:49,45.67012,44.16231,42.51388,42.467,29.61544,-8.76E-03,246.4909,0.3023895
2,Finned Plate,20,9/14/2023,15:05:10,47.50606,46.36544,44.70918,44.49044,29.37325,-8.76E-03,246.5578,0.3020157
2,Finned Plate,21,9/14/2023,15:05:31,49.48262,48.1545,46.49825,46.20918,29.36544,-8.76E-03,246.7509,0.3022683
2,Finned Plate,22,9/14/2023,15:05:52,51.45138,49.90449,48.25606,48.11544,29.37325,-8.76E-03,246.2979,0.3017631
2,Finned Plate,23,9/14/2023,15:06:12,53.23263,51.71699,50.07637,49.75606,29.34591,-8.76E-03,246.4535,0.3017025
2,Finned Plate,24,9/14/2023,15:06:33,55.07637,53.592,51.84199,51.62326,29.0959,-9.23E-03,246.7026,0.3018894
2,Finned Plate,25,9/14/2023,15:06:54,56.86543,55.342,53.66231,53.38105,29.04512,-8.76E-03,246.7392,0.3019551
2,Finned Plate,26,9/14/2023,15:07:14,58.48262,56.98262,55.29513,54.93574,28.89277,-8.76E-03,246.6318,0.3018894
2,Finned Plate,27,9/14/2023,15:07:35,60.20918,58.67012,56.98262,56.6545,28.94355,-8.76E-03,246.8139,0.3016419
2,Finned Plate,28,9/14/2023,15:07:56,61.82637,60.47482,58.74044,58.50606,28.94355,-8.76E-03,246.6396,0.3017631
2,Finned Plate,29,9/14/2023,15:08:16,63.37325,62.29513,60.59982,60.45138,28.99434,-9.23E-03,246.8435,0.3018212
2,Finned Plate,30,9/14/2023,15:08:37,64.90547,63.42012,61.70918,61.2795,28.94355,-8.76E-03,246.9322,0.3017025
2,Finned Plate,31,9/14/2023,15:08:58,66.42111,64.90547,63.16231,62.79512,28.94355,-8.76E-03,246.9143,0.3017631
2,Finned Plate,32,9/14/2023,15:09:18,67.82735,66.42892,64.77267,64.39766,28.72482,-8.76E-03,246.9696,0.3015156
2,Finned Plate,33,9/14/2023,15:09:39,69.38204,67.89766,66.10079,65.67892,28.74825,-8.76E-03,246.9773,0.3017025
2,Finned Plate,34,9/14/2023,15:10:00,70.63986,69.13204,67.38985,66.94453,28.72482,-8.76E-03,246.94,0.3015762
2,Finned Plate,35,9/14/2023,15:10:21,71.9836,70.52267,68.73361,68.22579,28.69748,-9.23E-03,246.9587,0.301263
2,Finned Plate,36,9/14/2023,15:10:41,73.2336,71.73361,70.02266,69.53049,28.63107,-8.76E-03,247.0256,0.3015762
2,Finned Plate,37,9/14/2023,15:11:02,74.51485,72.99922,71.22579,70.73361,28.58029,-8.76E-03,247.0435,0.301455
2,Finned Plate,38,9/14/2023,15:11:23,76.01485,74.46016,72.68674,72.21797,28.36934,-8.76E-03,246.9953,0.301455
2,Finned Plate,39,9/14/2023,15:11:43,76.92891,75.37422,73.58517,73.12423,28.55685,-8.76E-03,246.5765,0.3010812
2,Finned Plate,40,9/14/2023,15:12:04,78.06954,76.74142,75.0461,74.56173,28.49825,-8.76E-03,247.0956,0.301455
2,Finned Plate,41,9/14/2023,15:12:25,79.21017,77.77267,75.9836,75.68674,28.82637,-8.76E-03,246.6318,0.3010205
2,Finned Plate,42,9/14/2023,15:12:45,78.09298,72.07735,70.61642,65.00703,25.79512,10.30993,244.9727,0.2987751
2,Finned Plate,43,9/14/2023,15:13:06,72.50705,63.58419,60.99824,57.38888,25.33028,11.18344,245.0693,0.2990883
2,Finned Plate,44,9/14/2023,15:13:27,68.70235,58.93574,56.14668,53.01387,25.1545,11.26442,244.9423,0.2991489
2,Finned Plate,45,9/14/2023,15:13:48,64.34298,54.62326,52.00606,49.20137,24.90059,11.06035,244.954,0.2992095
2,Finned Plate,46,9/14/2023,15:14:08,60.64669,51.67012,49.2248,46.19356,24.8498,11.40903,244.9906,0.2994015
2,Finned Plate,47,9/14/2023,15:14:29,57.29513,48.86543,46.50606,43.87324,24.90059,11.34054,244.9353,0.2994621
2,Finned Plate,48,9/14/2023,15:14:50,54.17793,46.34981,44.1545,42.09199,24.7834,11.43133,244.7048,0.2993358
2,Finned Plate,49,9/14/2023,15:15:10,52.17793,44.70918,42.47482,40.57637,24.72091,11.40903,244.954,0.299836
2,Finned Plate,50,9/14/2023,15:15:31,50.12325,43.19356,41.24043,39.39668,24.7717,11.57794,244.8792,0.2996415
2,Finned Plate,51,9/14/2023,15:15:52,48.45138,41.88105,39.967,38.20918,24.79904,11.21792,244.8979,0.2996415
2,Finned Plate,52,9/14/2023,15:16:12,47.09199,40.82637,39.0295,37.27168,24.72091,11.09455,244.8162,0.2995834
2,Finned Plate,53,9/14/2023,15:16:33,45.95137,39.94355,38.13887,36.70137,24.72091,11.05733,244.8683,0.299836
2,Finned Plate,54,9/14/2023,15:16:54,44.88105,39.14668,37.54512,36.0295,24.8498,11.38671,244.412,0.2996415
2,Finned Plate,55,9/14/2023,15:17:14,44.06856,38.5295,36.8498,35.40451,24.87324,11.03731,244.6682,0.2996415
2,Finned Plate,56,9/14/2023,15:17:35,43.43575,38.18575,36.55293,35.18575,24.87324,11.69999,244.7796,0.2998966
2,Finned Plate,57,9/14/2023,15:17:56,42.82637,37.69357,36.05293,34.76389,24.7717,11.0456,244.6861,0.2992702
2,Finned Plate,58,9/14/2023,15:18:17,42.37325,37.31857,35.73263,34.49044,24.82246,11.07887,244.6939,0.2995228
2,Finned Plate,59,9/14/2023,15:18:37,42.00606,37.09981,35.50606,34.26387,24.7717,11.15647,244.549,0.2997678
2,Finned Plate,60,9/14/2023,15:18:58,41.6545,36.84199,35.37325,34.10762,24.81465,11.55721,244.5233,0.2997678
2,Finned Plate,61,9/14/2023,15:19:19,41.43575,36.61544,35.07637,33.90449,24.81465,11.28473,244.8162,0.2998966
2,Finned Plate,62,9/14/2023,15:19:39,41.20918,36.467,34.90449,33.80293,24.89277,11.04806,244.8465,0.299836
2,Finned Plate,63,9/14/2023,15:20:00,41.0295,36.38888,34.87324,33.70137,24.95918,10.95018,244.5007,0.2997678
2,Finned Plate,64,9/14/2023,15:20:21,40.88105,36.31075,34.7717,33.64669,24.98652,11.61991,244.8279,0.2999547
2,Finned Plate,65,9/14/2023,15:20:41,40.78732,36.20918,34.7717,33.64669,25.00996,11.47571,244.8092,0.2998966
2,Finned Plate,66,9/14/2023,15:21:02,40.73263,36.13887,34.67012,33.59982,25.11153,11.40715,244.8465,0.3000229
2,Finned Plate,67,9/14/2023,15:21:23,40.592,36.16231,34.64669,33.52169,25.13887,11.53798,244.8574,0.2996415
2,Finned Plate,68,9/14/2023,15:21:44,40.54512,36.04512,34.60763,33.48262,25.0959,11.26385,244.5233,0.299836
2,Finned Plate,69,9/14/2023,15:22:04,40.5295,35.98262,34.56856,33.44356,24.92793,10.97216,244.8349,0.3002022
2,Finned Plate,70,9/14/2023,15:22:25,40.48262,36.0295,34.53732,33.49044,24.97871,11.09398,245.0358,0.3001415
2,Finned Plate,71,9/14/2023,15:22:46,40.95137,37.47482,35.5295,35.13887,25.967,1.537328,245.3286,0.3004548
2,Finned Plate,72,9/14/2023,15:23:06,42.40451,39.67012,38.01387,37.78732,27.40841,4.11E-02,245.2733,0.3000809
2,Finned Plate,73,9/14/2023,15:23:27,43.99824,41.63889,40.11544,40.35762,28.24043,1.06E-02,244.8465,0.3000229
2,Finned Plate,74,9/14/2023,15:23:48,45.77951,43.87324,42.40451,42.0295,28.69357,2.76E-03,245.2624,0.3000229
2,Finned Plate,75,9/14/2023,15:24:08,47.6545,45.80293,44.17012,43.77951,28.9709,-1.39E-03,245.2289,0.3000809
2,Finned Plate,76,9/14/2023,15:24:29,49.42012,47.67795,45.9748,45.63107,29.37325,-4.15E-03,245.0506,0.2997096
2,Finned Plate,77,9/14/2023,15:24:50,50.99824,49.34981,47.67795,47.28731,29.67795,-6.00E-03,245.1658,0.2997096
2,Finned Plate,78,9/14/2023,15:25:10,52.76389,51.14668,49.45138,49.04512,30.01387,-6.46E-03,245.1471,0.2997096
2,Finned Plate,79,9/14/2023,15:25:31,54.28731,52.82637,51.13887,50.75606,30.2795,-6.92E-03,245.0872,0.2995228
2,Finned Plate,80,9/14/2023,15:25:52,55.86543,54.31075,52.80293,52.34981,30.5334,-7.38E-03,245.0693,0.2994621
2,Finned Plate,81,9/14/2023,15:26:13,57.45919,55.91231,54.26387,53.88105,30.80684,-7.38E-03,244.8279,0.2995228
2,Finned Plate,82,9/14/2023,15:26:33,58.85762,57.342,55.64669,55.31857,31.06074,-7.38E-03,244.7679,0.2993358
2,Finned Plate,83,9/14/2023,15:26:54,60.342,58.81855,57.16231,56.68576,31.26387,-7.84E-03,245.1541,0.2995834
2,Finned Plate,84,9/14/2023,15:27:15,61.81074,60.29513,58.56075,58.06074,31.44356,-8.30E-03,245.2211,0.2994621
2,Finned Plate,85,9/14/2023,15:27:35,63.07637,61.592,59.88887,59.41231,31.69357,-7.84E-03,245.1915,0.2995834
2,Finned Plate,86,9/14/2023,15:27:56,64.56954,63.0373,61.342,60.92012,31.88105,-7.84E-03,244.8279,0.2992702
2,Finned Plate,87,9/14/2023,15:28:17,65.69454,64.27267,62.50606,61.94355,31.98262,-7.84E-03,245.1541,0.2994015
2,Finned Plate,88,9/14/2023,15:28:37,66.96016,65.58517,63.81953,63.34981,32.18575,-8.30E-03,244.7983,0.2990883
2,Finned Plate,89,9/14/2023,15:28:58,68.19453,66.7258,64.97578,64.41329,32.28731,-7.84E-03,245.028,0.2990277
2,Finned Plate,90,9/14/2023,15:29:19,69.33517,67.9211,66.33517,65.7258,32.54512,-7.84E-03,245.0988,0.2991489
2,Finned Plate,91,9/14/2023,15:29:40,70.63986,69.15548,67.43673,66.80391,32.59982,-8.30E-03,245.1728,0.2990277
2,Finned Plate,92,9/14/2023,15:30:00,71.6086,70.13985,68.38204,67.70235,32.74044,-8.30E-03,245.0093,0.298957
2,Finned Plate,93,9/14/2023,15:30:21,72.80391,71.63986,69.87422,69.28828,32.9748,-8.30E-03,245.1658,0.2990883
2,Finned Plate,94,9/14/2023,15:30:42,73.99922,72.56954,70.74142,70.2961,33.05293,-8.30E-03,244.8683,0.2986438
2,Finned Plate,95,9/14/2023,15:31:02,74.86641,73.43673,71.59298,70.94453,33.20137,-8.30E-03,245.1837,0.2990277
2,Finned Plate,96,9/14/2023,15:31:23,75.80391,74.44455,72.63204,71.93672,33.24824,-8.30E-03,245.2211,0.2988963
2,Finned Plate,97,9/14/2023,15:31:44,76.71016,75.27267,73.49923,72.78829,33.36544,-8.76E-03,245.2546,0.2988963
2,Finned Plate,98,9/14/2023,15:32:04,77.59298,76.17892,74.34298,73.67112,33.5295,-8.30E-03,245.0693,0.2986438
2,Finned Plate,99,9/14/2023,15:32:25,78.53829,77.11641,75.2336,74.59298,33.56075,-8.30E-03,245.2398,0.2987145
2,Finned Plate,100,9/14/2023,15:32:46,79.44455,77.9836,76.13204,75.51485,33.6545,-8.76E-03,244.7679,0.2987145
2,Finned Plate,101,9/14/2023,15:33:06,79.14767,72.06172,69.57736,66.17892,28.0295,6.366802,244.9057,0.2986438
2,Finned Plate,102,9/14/2023,15:33:27,75.6008,67.75706,65.24141,61.67012,27.06465,7.344796,244.9984,0.2985225
2,Finned Plate,103,9/14/2023,15:33:48,71.21797,62.25606,59.63107,56.342,26.59982,7.955254,244.75,0.298957
2,Finned Plate,104,9/14/2023,15:34:09,67.30392,58.27168,55.62326,52.70918,26.29513,8.2011,244.623,0.2990277
2,Finned Plate,105,9/14/2023,15:34:29,64.27267,55.38888,52.68576,50.17012,26.14668,8.314182,245.028,0.2994621
2,Finned Plate,106,9/14/2023,15:34:50,61.18575,52.20137,49.83418,47.36544,26.11934,8.218081,245.0988,0.2992702
2,Finned Plate,107,9/14/2023,15:35:11,58.41231,50.42012,48.0373,45.92793,26.04512,8.286959,245.2546,0.2997096
2,Finned Plate,108,9/14/2023,15:35:31,56.16231,48.56075,46.32637,43.83418,26.17793,8.291697,245.1059,0.2997678
2,Finned Plate,109,9/14/2023,15:35:52,54.13106,46.76389,44.63107,42.71699,25.98262,8.09444,245.1915,0.299836
2,Finned Plate,110,9/14/2023,15:36:13,52.41231,45.57637,43.47482,41.67795,25.88106,8.157853,244.9244,0.2999547
2,Finned Plate,111,9/14/2023,15:36:33,50.99824,44.43575,42.40451,40.75606,25.91621,8.349299,245.1175,0.2998966
2,Finned Plate,112,9/14/2023,15:36:54,49.76389,43.43575,41.53732,39.94355,25.86543,8.311421,245.0872,0.2999547
2,Finned Plate,113,9/14/2023,15:37:15,48.6545,42.55293,40.61544,39.16231,25.8459,8.109652,245.0872,0.2996415
2,Finned Plate,114,9/14/2023,15:37:36,47.68576,41.86543,39.99824,38.51388,25.7717,8.26901,245.1175,0.3002022
2,Finned Plate,115,9/14/2023,15:37:56,46.94355,41.28731,39.53732,38.07637,25.77951,8.17879,244.887,0.3000809
2,Finned Plate,116,9/14/2023,15:38:17,46.25606,40.79512,38.99043,37.70918,25.90449,8.098392,245.1837,0.3002678
2,Finned Plate,117,9/14/2023,15:38:38,45.73263,40.38105,38.58419,37.31857,25.93965,8.20643,245.0506,0.2997678
2,Finned Plate,118,9/14/2023,15:38:58,45.27168,39.967,38.23263,36.95137,25.83809,8.287951,245.0872,0.3001415
2,Finned Plate,119,9/14/2023,15:39:19,44.83418,39.67795,37.94355,36.70918,25.69357,8.200706,245.0693,0.300336
2,Finned Plate,120,9/14/2023,15:39:40,44.467,39.36544,37.68576,36.42012,25.62326,8.309849,245.1471,0.3002022
2,Finned Plate,121,9/14/2023,15:40:00,44.13106,39.10762,37.47482,36.26387,25.69357,8.307873,244.9057,0.2999547
2,Finned Plate,122,9/14/2023,15:40:21,43.83418,38.95918,37.24043,36.06856,25.80293,8.071314,245.0988,0.3002022
2,Finned Plate,123,9/14/2023,15:40:42,43.64669,38.64669,37.06074,35.967,25.75216,8.09187,245.0506,0.3001415
2,Finned Plate,124,9/14/2023,15:41:02,43.45138,38.62326,37.01387,35.84199,25.80293,8.163979,244.8683,0.3000229
2,Finned Plate,125,9/14/2023,15:41:23,43.2795,38.49825,36.91231,35.72482,25.72482,8.395041,244.7422,0.2997096
2,Finned Plate,126,9/14/2023,15:41:44,43.20918,38.39668,36.78732,35.62326,25.75216,8.09345,244.9057,0.2999547
2,Finned Plate,127,9/14/2023,15:42:05,43.00606,38.27168,36.74044,35.56856,25.67403,8.266443,244.8162,0.2998966
2,Finned Plate,128,9/14/2023,15:42:25,42.91231,38.24824,36.63889,35.52169,25.65059,8.095424,244.6939,0.3002022
2,Finned Plate,129,9/14/2023,15:42:46,42.84199,38.20137,36.592,35.39668,25.65059,8.11538,244.75,0.3000229
2,Finned Plate,130,9/14/2023,15:43:07,43.10762,39.41231,37.43575,36.91231,26.61153,2.159863,245.1915,0.3001415
2,Finned Plate,131,9/14/2023,15:43:27,44.45138,41.63107,39.83418,39.49044,28.37715,4.11E-02,244.9984,0.3000809
2,Finned Plate,132,9/14/2023,15:43:48,46.18575,43.79512,42.04512,41.74825,29.43965,1.24E-02,245.028,0.299836
2,Finned Plate,133,9/14/2023,15:44:09,47.90449,45.85762,44.17793,44.00606,30.16231,-4.66E-04,244.9906,0.299836
2,Finned Plate,134,9/14/2023,15:44:29,49.58419,47.71699,46.06074,45.84199,30.52169,-3.69E-03,244.6347,0.2996415
2,Finned Plate,135,9/14/2023,15:44:50,51.66231,49.94355,48.39668,48.05293,31.02168,-5.54E-03,245.0872,0.2998966
2,Finned Plate,136,9/14/2023,15:45:11,53.02168,51.38888,49.74044,49.33418,31.24043,-6.46E-03,245.0872,0.2996415
2,Finned Plate,137,9/14/2023,15:45:32,54.67795,53.17012,51.45919,51.05293,31.592,-6.92E-03,244.8574,0.2997096
2,Finned Plate,138,9/14/2023,15:45:52,56.20137,54.71699,53.06856,52.63889,31.81074,-6.92E-03,244.954,0.2992702
2,Finned Plate,139,9/14/2023,15:46:13,57.86543,56.36544,54.67012,54.28731,32.06074,-7.84E-03,244.7422,0.2990883
2,Finned Plate,140,9/14/2023,15:46:34,59.53732,58.02168,56.35762,55.95137,32.32637,-6.46E-03,244.9797,0.2995228
2,Finned Plate,141,9/14/2023,15:46:54,60.84199,59.342,57.63889,57.20918,32.49825,-7.84E-03,245.0171,0.2991489
2,Finned Plate,142,9/14/2023,15:47:15,62.30294,60.93574,59.20137,58.74825,32.76389,-7.38E-03,244.961,0.2993358
2,Finned Plate,143,9/14/2023,15:47:36,63.69357,62.33418,60.63889,60.17793,32.98262,-7.84E-03,245.0093,0.2992095
2,Finned Plate,144,9/14/2023,15:47:56,65.01485,63.78732,62.12325,61.63107,33.1545,-8.30E-03,244.961,0.2993358
2,Finned Plate,145,9/14/2023,15:48:17,66.36642,64.94453,63.24824,62.81074,33.2795,-8.76E-03,245.0506,0.2992702
2,Finned Plate,146,9/14/2023,15:48:38,67.6086,66.32735,64.6008,64.1711,33.44356,-8.76E-03,244.8162,0.2991489
2,Finned Plate,147,9/14/2023,15:48:59,68.88203,67.4836,65.71016,65.20235,33.53732,-8.76E-03,245.1175,0.2991489
2,Finned Plate,148,9/14/2023,15:49:19,70.06172,68.69454,67.11641,66.55392,33.68576,-8.30E-03,245.0506,0.2990277
2,Finned Plate,149,9/14/2023,15:49:40,71.24923,69.92891,68.18673,67.57736,33.83418,-8.30E-03,245.2102,0.2991489
2,Finned Plate,150,9/14/2023,15:50:01,72.38985,71.00703,69.25704,68.63204,33.89668,-8.30E-03,245.1837,0.2991489
2,Finned Plate,151,9/14/2023,15:50:21,73.45235,72.16328,70.37422,69.81953,33.99043,-8.30E-03,245.0693,0.298957
2,Finned Plate,152,9/14/2023,15:50:42,74.61642,73.30392,71.62424,71.0461,34.12325,-8.76E-03,244.9166,0.2988963
2,Finned Plate,153,9/14/2023,15:51:03,75.81953,74.33517,72.65548,72.00703,34.20137,-7.84E-03,245.028,0.2987145
2,Finned Plate,154,9/14/2023,15:51:23,76.57736,75.16328,73.38985,72.78829,34.30294,-8.30E-03,245.0171,0.298957
2,Finned Plate,155,9/14/2023,15:51:44,77.55392,76.13204,74.36642,73.74922,34.39668,-7.84E-03,245.0872,0.2988357
2,Finned Plate,156,9/14/2023,15:52:05,78.50705,77.13204,75.42111,74.81953,34.45919,-8.30E-03,244.8279,0.2987145
2,Finned Plate,157,9/14/2023,15:52:25,79.46799,78.06954,76.31174,75.6086,34.51388,-8.30E-03,245.0506,0.2986438
2,Finned Plate,158,9/14/2023,15:52:46,78.7961,73.9836,72.35078,69.28828,29.66623,4.168917,244.9984,0.2987145
2,Finned Plate,159,9/14/2023,15:53:07,76.32735,70.28828,67.89766,65.14767,28.20528,5.27878,245.0693,0.2986438
2,Finned Plate,160,9/14/2023,15:53:28,73.80391,67.33517,64.81953,62.23263,27.97481,4.982333,244.9423,0.2987145
2,Finned Plate,161,9/14/2023,15:53:48,71.76487,65.02266,62.5295,59.9748,27.66623,5.23679,244.961,0.2987145
2,Finned Plate,162,9/14/2023,15:54:09,69.44455,62.79512,59.87324,57.5295,27.43184,5.125637,244.8979,0.2987751
2,Finned Plate,163,9/14/2023,15:54:30,67.36642,60.70918,58.09199,55.90449,27.22871,5.103674,245.1059,1.00E-30
2,Finned Plate,164,9/14/2023,15:54:50,65.46016,58.99824,56.59982,54.45138,27.20528,5.149781,245.028,0.2992702
2,Finned Plate,165,9/14/2023,15:55:11,63.59982,57.24043,54.95137,52.86543,27.0373,5.25877,244.6682,0.2990277
2,Finned Plate,166,9/14/2023,15:55:32,62.11544,55.91231,53.67012,51.67795,26.94746,5.081612,244.8162,0.2991489
2,Finned Plate,167,9/14/2023,15:55:52,60.74044,54.79512,52.42012,50.25606,26.98652,5.045812,244.7609,0.2992702
2,Finned Plate,168,9/14/2023,15:56:13,59.35762,53.54512,51.28731,49.47482,26.96309,5.165118,244.9906,0.2993358
2,Finned Plate,169,9/14/2023,15:56:34,58.342,52.66231,50.52169,48.70137,26.93965,5.278281,245.0615,0.2993358
2,Finned Plate,170,9/14/2023,15:56:55,57.30294,51.80293,49.6545,47.90449,26.8459,5.186601,244.9353,0.2994621
2,Finned Plate,171,9/14/2023,15:57:15,56.42012,50.91231,48.87324,47.1545,26.8459,5.082608,244.9057,0.2994621
2,Finned Plate,172,9/14/2023,15:57:36,55.467,50.11544,48.09981,46.38105,26.72091,5.020202,244.6861,0.2993358
2,Finned Plate,173,9/14/2023,15:57:57,54.89668,49.6545,47.56856,45.99043,26.72091,4.976208,244.961,0.2995834
2,Finned Plate,174,9/14/2023,15:58:17,54.24824,48.99824,47.0373,45.40451,26.72091,5.193233,244.9423,0.2994621
2,Finned Plate,175,9/14/2023,15:58:38,53.64669,48.57637,46.53732,45.00606,26.66231,4.88273,245.0615,0.2997678
2,Finned Plate,176,9/14/2023,15:58:59,53.13887,48.13887,46.17793,44.63889,26.73652,5.012094,244.9166,0.2994015
2,Finned Plate,177,9/14/2023,15:59:19,52.68576,47.73263,45.81074,44.29513,26.76389,4.926695,244.5864,0.2994015
2,Finned Plate,178,9/14/2023,15:59:40,52.2795,47.44356,45.51388,44.05293,26.81465,4.98846,244.954,0.2997096
2,Finned Plate,179,9/14/2023,16:00:01,51.88105,47.11544,45.26387,43.80293,26.75606,5.103674,245.0171,0.2995228
2,Finned Plate,180,9/14/2023,16:00:21,51.58419,46.81855,44.94355,43.54512,26.74825,5.268084,244.961,0.2994621
2,Finned Plate,181,9/14/2023,16:00:42,51.25606,46.58419,44.70918,43.35762,26.75606,5.196295,244.8279,0.2995228
2,Finned Plate,182,9/14/2023,16:01:03,51.0373,46.35762,44.50606,43.06074,26.69748,5.06312,244.9057,0.2995228
2,Finned Plate,183,9/14/2023,16:01:24,50.74044,46.06074,44.25606,42.86543,26.67012,4.986977,244.8574,0.2995228
2,Finned Plate,184,9/14/2023,16:01:44,50.62326,45.93574,44.10762,42.68576,26.68965,4.989548,244.954,0.2997678
2,Finned Plate,185,9/14/2023,16:02:05,50.33418,45.74825,43.94355,42.64669,26.67012,5.071925,244.6861,0.2992095
2,Finned Plate,186,9/14/2023,16:02:26,50.1545,45.63889,43.83418,42.49044,26.68965,5.059656,244.7422,0.2996415
2,Finned Plate,187,9/14/2023,16:02:46,50.05293,45.49044,43.63889,42.35762,26.63889,5.093883,244.8979,0.2995834
2,Finned Plate,188,9/14/2023,16:03:07,49.91231,45.39668,43.51388,42.24043,26.58809,4.907726,244.9727,0.299836
2,Finned Plate,189,9/14/2023,16:03:28,49.78732,45.30294,43.467,42.13887,26.63889,5.060641,244.9797,0.2997678
2,Finned Plate,190,9/14/2023,16:03:48,49.71699,45.20137,43.44356,42.06856,26.61153,5.149283,244.9797,0.2995228
2,Finned Plate,191,9/14/2023,16:04:09,49.54512,45.17793,43.29513,42.01387,26.58809,5.187691,244.961,0.2995228
2,Finned Plate,192,9/14/2023,16:04:30,49.52169,45.10762,43.29513,41.99043,26.68965,5.085273,244.9906,0.2999547
2,Finned Plate,193,9/14/2023,16:04:51,49.42794,44.93574,43.20137,41.81855,26.61153,5.080129,244.9423,0.2998966
2,Pinned Plate,0,9/19/2023,13:30:42,26.31857,25.54513,24.48653,24.20918,22.20918,-5.08E-03,246.0861,0.298957
2,Pinned Plate,1,9/19/2023,13:31:02,29.90449,28.49825,27.14278,26.91621,22.18965,-6.46E-03,245.9343,0.298275
2,Pinned Plate,2,9/19/2023,13:31:22,32.92012,31.47482,30.31075,30.0373,22.2209,-6.92E-03,245.9156,0.2985831
2,Pinned Plate,3,9/19/2023,13:31:43,36.47482,35.25606,33.78732,33.81855,22.26387,-7.38E-03,246.097,0.2982093
2,Pinned Plate,4,9/19/2023,13:32:04,40.0373,38.43575,37.19356,37.01387,22.29513,-1.06E-02,246.22,0.2983356
2,Pinned Plate,5,9/19/2023,13:32:25,43.45138,41.94355,41.27168,41.17012,22.26777,-9.69E-03,246.0604,0.2981487
2,Pinned Plate,6,9/19/2023,13:32:45,46.61544,45.16231,43.84199,43.71699,22.30294,-9.23E-03,246.1453,0.298275
2,Pinned Plate,7,9/19/2023,13:33:06,50.00606,48.49044,46.93574,46.84199,22.32637,-8.76E-03,246.2013,0.2980224
2,Pinned Plate,8,9/19/2023,13:33:27,53.49044,52.23263,50.67795,50.67795,22.29121,-8.30E-03,246.3088,0.2981487
2,Pinned Plate,9,9/19/2023,13:33:47,56.24824,54.73263,53.13106,53.06074,22.30684,-1.06E-02,246.3165,0.2980224
2,Pinned Plate,10,9/19/2023,13:34:08,59.34981,58.35762,56.74044,56.71699,22.30294,-6.92E-03,246.2792,0.2977749
2,Pinned Plate,11,9/19/2023,13:34:29,62.28731,60.82637,59.25606,59.23263,22.36934,-1.11E-02,246.3088,0.2980881
2,Pinned Plate,12,9/19/2023,13:34:49,65.33517,63.84297,62.25606,62.30294,22.36154,-8.30E-03,246.3461,0.297588
2,Pinned Plate,13,9/19/2023,13:35:10,67.92891,66.39766,64.81953,64.92891,22.34981,-7.38E-03,246.2457,0.2975299
2,Pinned Plate,14,9/19/2023,13:35:31,70.67892,69.24923,67.82735,67.89766,22.36544,-1.06E-02,245.9343,0.2969616
2,Pinned Plate,15,9/19/2023,13:35:52,73.38204,71.88985,70.30392,70.42111,22.35371,-8.76E-03,246.2901,0.2970223
2,Pinned Plate,16,9/19/2023,13:36:12,75.88985,74.42892,72.80391,72.93672,22.36934,-0.0129129,246.22,0.2969036
2,Pinned Plate,17,9/19/2023,13:36:33,78.49142,76.96797,75.38985,75.47579,22.39278,-9.23E-03,246.1531,0.2967166
2,Pinned Plate,18,9/19/2023,13:36:54,81.26485,79.67892,78.11641,78.43673,22.40841,-1.01E-02,246.2979,0.2969036
2,Pinned Plate,19,9/19/2023,13:37:14,81.50705,78.34298,76.63204,76.83516,22.7834,1.213864,244.2219,0.2944764
2,Pinned Plate,20,9/19/2023,13:37:35,75.38985,71.97578,69.30392,69.64767,22.8498,9.455186,244.2928,0.2943501
2,Pinned Plate,21,9/19/2023,13:37:56,70.17892,67.06954,64.77267,65.05391,22.87324,9.953474,244.2928,0.2942289
2,Pinned Plate,22,9/19/2023,13:38:16,65.92891,63.36544,61.06074,61.0373,22.86152,10.55328,244.2928,0.2949688
2,Pinned Plate,23,9/19/2023,13:38:37,62.13106,60.29513,58.12325,57.81074,22.92012,10.96763,244.144,0.294782
2,Pinned Plate,24,9/19/2023,13:38:58,58.89668,57.32637,55.09981,55.217,22.93574,10.89406,244.3115,0.2950295
2,Pinned Plate,25,9/19/2023,13:39:18,56.29513,54.99043,53.01387,53.1545,22.95137,10.68805,244.137,0.2945951
2,Pinned Plate,26,9/19/2023,13:39:39,53.92012,52.592,50.467,50.51388,23.16231,10.85835,244.2406,0.2952214
2,Pinned Plate,27,9/19/2023,13:40:00,52.23263,51.0373,49.11544,49.16231,23.13496,10.8401,244.3559,0.295282
2,Pinned Plate,28,9/19/2023,13:40:21,50.81855,49.67012,47.80293,47.56075,23.18575,10.12967,244.2554,0.2955346
2,Pinned Plate,29,9/19/2023,13:40:41,49.71699,48.42794,46.58419,46.56075,23.37715,11.09172,244.107,0.2952214
2,Pinned Plate,30,9/19/2023,13:41:02,48.75606,47.52169,45.73263,45.6545,23.44356,11.67468,244.3855,0.2955346
2,Pinned Plate,31,9/19/2023,13:41:23,47.90449,46.67012,44.87324,44.70137,23.44356,11.33623,244.211,0.2955952
2,Pinned Plate,32,9/19/2023,13:41:43,47.23263,46.04512,44.2248,44.14668,23.342,10.77033,244.1557,0.2953427
2,Pinned Plate,33,9/19/2023,13:42:04,46.63107,45.47482,43.7717,43.63107,23.43184,11.02556,244.1853,0.2950295
2,Pinned Plate,34,9/19/2023,13:42:25,46.17012,44.98262,43.20918,43.16231,23.59982,11.486,244.2741,0.2953427
2,Pinned Plate,35,9/19/2023,13:42:45,45.78732,44.54512,42.84199,42.7717,23.62716,12.18876,244.2632,0.2956558
2,Pinned Plate,36,9/19/2023,13:43:06,45.53732,44.29513,42.56856,42.39668,23.592,11.47795,244.2741,0.2956558
2,Pinned Plate,37,9/19/2023,13:43:27,45.28731,44.04512,42.35762,42.28731,23.58029,10.82834,244.3932,0.2957872
2,Pinned Plate,38,9/19/2023,13:43:48,45.08419,43.87324,42.16231,42.0373,23.70529,10.7393,244.412,0.2957872
2,Pinned Plate,39,9/19/2023,13:44:08,44.92012,43.77951,42.02168,41.92793,23.7131,11.0002,244.4229,0.2957872
2,Pinned Plate,40,9/19/2023,13:44:29,44.81074,43.56856,41.88887,41.76389,23.72091,11.04088,244.4563,0.2959084
2,Pinned Plate,41,9/19/2023,13:44:50,44.70137,43.49044,41.82637,41.6545,23.73652,10.72196,244.4415,0.2959084
2,Pinned Plate,42,9/19/2023,13:45:10,44.67012,43.42794,41.74044,41.61544,23.89668,11.56842,244.4415,0.2954033
2,Pinned Plate,43,9/19/2023,13:45:31,44.99043,43.92012,42.23263,42.13887,24.31075,8.600063,244.7422,0.2958478
2,Pinned Plate,44,9/19/2023,13:45:52,48.47482,47.09199,45.63889,45.592,25.51388,5.54E-02,244.542,0.2957165
2,Pinned Plate,45,9/19/2023,13:46:12,51.16231,49.5295,48.02168,47.99824,26.18575,2.49E-02,244.5864,0.2959084
2,Pinned Plate,46,9/19/2023,13:46:33,54.17793,52.24824,50.76389,50.74044,26.62326,6.45E-03,244.8092,0.2960953
2,Pinned Plate,47,9/19/2023,13:46:54,57.0295,54.86543,53.38888,54.01387,27.15059,-1.39E-03,244.7679,0.2957872
2,Pinned Plate,48,9/19/2023,13:47:14,59.63889,57.31857,55.80293,55.8498,27.37715,-4.15E-03,244.7422,0.2957872
2,Pinned Plate,49,9/19/2023,13:47:35,62.29513,59.78732,59.17012,59.26387,27.83027,-5.54E-03,244.5864,0.2954033
2,Pinned Plate,50,9/19/2023,13:47:56,64.81172,62.19356,60.70918,60.80293,28.06465,-6.00E-03,244.542,0.2953427
2,Pinned Plate,51,9/19/2023,13:48:17,67.25704,64.50705,63.06074,63.08419,28.35762,-6.46E-03,244.5599,0.2950295
2,Pinned Plate,52,9/19/2023,13:48:37,69.38985,66.64767,65.28048,65.44455,28.63889,-6.92E-03,244.6939,0.2950295
2,Pinned Plate,53,9/19/2023,13:48:58,71.64767,68.85078,67.34298,67.49923,28.85762,-8.76E-03,244.7983,0.2953427
2,Pinned Plate,54,9/19/2023,13:49:19,73.86641,70.92891,69.49142,69.63204,29.12324,-7.38E-03,244.5864,0.2949083
2,Pinned Plate,55,9/19/2023,13:49:39,75.85078,72.9211,71.39766,71.6086,29.36544,-7.38E-03,244.7679,0.2949688
2,Pinned Plate,56,9/19/2023,13:50:00,77.9211,74.81172,73.42111,73.65548,29.53732,-7.38E-03,244.7048,0.2947213
2,Pinned Plate,57,9/19/2023,13:50:21,79.87422,76.64767,75.20235,75.42892,29.80293,-9.23E-03,244.5303,0.294537
2,Pinned Plate,58,9/19/2023,13:50:41,81.67112,78.46016,77.27267,77.45235,30.09981,-9.23E-03,244.3855,0.2943501
2,Pinned Plate,59,9/19/2023,13:51:02,82.83516,79.35078,77.69454,77.32735,28.42402,0.5002425,244.549,0.294537
2,Pinned Plate,60,9/19/2023,13:51:23,76.86641,72.51485,69.88985,70.25704,25.43965,8.20643,244.623,0.2945951
2,Pinned Plate,61,9/19/2023,13:51:44,72.24141,69.6086,66.93672,67.21797,25.38888,7.520945,244.5864,0.2947213
2,Pinned Plate,62,9/19/2023,13:52:04,68.47579,66.31954,63.98359,64.24141,25.2209,7.27652,244.4415,0.2948501
2,Pinned Plate,63,9/19/2023,13:52:25,65.71016,63.75606,61.52169,61.70918,25.17012,8.007465,244.3932,0.2941632
2,Pinned Plate,64,9/19/2023,13:52:46,63.0295,61.24824,59.07637,59.26387,25.09199,8.208408,244.4338,0.2947213
2,Pinned Plate,65,9/19/2023,13:53:06,60.31857,58.63889,56.55293,56.71699,25.18575,8.313004,244.5303,0.2949083
2,Pinned Plate,66,9/19/2023,13:53:27,59.00606,57.36544,55.342,55.42012,25.14278,8.221041,244.623,0.2950951
2,Pinned Plate,67,9/19/2023,13:53:48,57.37325,55.68576,53.66231,53.70918,25.04902,7.540363,244.5677,0.2954033
2,Pinned Plate,68,9/19/2023,13:54:08,56.27168,54.79512,52.71699,52.71699,25.11544,7.431108,1.00E-30,0.295474
2,Pinned Plate,69,9/19/2023,13:54:29,55.2248,53.70137,51.68576,51.71699,25.11544,7.538783,244.5233,0.2956558
2,Pinned Plate,70,9/19/2023,13:54:50,54.28731,52.78732,50.70918,50.67795,25.0295,7.341633,244.5599,0.295282
2,Pinned Plate,71,9/19/2023,13:55:10,53.51388,51.9748,49.84199,49.86543,25.0373,7.562772,244.412,0.2950951
2,Pinned Plate,72,9/19/2023,13:55:31,52.76389,51.32637,49.35762,49.33418,25.06074,7.561775,244.3559,0.295282
2,Pinned Plate,73,9/19/2023,13:55:52,52.24043,50.60763,48.72482,48.72482,25.33028,8.099578,244.1736,0.2950295
2,Pinned Plate,74,9/19/2023,13:56:13,51.67012,50.18575,48.27168,48.2248,25.11934,7.698715,244.4937,0.295474
2,Pinned Plate,75,9/19/2023,13:56:33,51.19356,49.72482,47.76389,47.76389,25.04122,7.544937,244.5303,0.2955346
2,Pinned Plate,76,9/19/2023,13:56:54,50.79512,49.23263,47.29513,47.31857,24.95528,7.850788,244.5233,0.2954033
2,Pinned Plate,77,9/19/2023,13:57:15,50.38888,48.89668,46.98262,46.98262,24.90449,7.649602,244.5677,0.2956558
2,Pinned Plate,78,9/19/2023,13:57:35,50.10762,48.66231,46.7717,46.72482,24.93965,7.562772,244.2928,0.2952214
2,Pinned Plate,79,9/19/2023,13:57:56,49.8498,48.34981,46.48262,46.42794,24.93965,7.744285,244.0513,0.2950295
2,Pinned Plate,80,9/19/2023,13:58:17,49.67795,48.20137,46.31075,46.26387,25.11544,7.787434,244.5233,0.2955952
2,Pinned Plate,81,9/19/2023,13:58:37,49.49825,47.95137,46.13106,46.10762,25.18184,7.781703,244.5677,0.2956558
2,Pinned Plate,82,9/19/2023,13:58:58,49.31075,47.85762,45.99824,45.94355,25.11544,7.783281,244.3932,0.2955346
2,Pinned Plate,83,9/19/2023,13:59:19,49.27168,47.72482,45.90449,45.79512,25.08027,7.63672,244.5303,0.2957872
2,Pinned Plate,84,9/19/2023,13:59:40,49.09199,47.6545,45.74044,45.69357,25.08027,7.754003,244.6565,0.2955346
2,Pinned Plate,85,9/19/2023,14:00:00,49.01387,47.56075,45.69357,45.60763,25.0373,7.741294,244.4937,0.2953427
2,Pinned Plate,86,9/19/2023,14:00:21,48.89668,47.36544,45.57637,45.5295,25.06074,7.67416,244.3185,0.2951633
2,Pinned Plate,87,9/19/2023,14:00:42,50.342,49.16231,47.43575,47.36544,26.38888,0.4875625,244.3185,0.2949083
2,Pinned Plate,88,9/19/2023,14:01:02,53.51388,51.91231,50.63889,50.63889,27.98652,3.09E-02,244.7609,0.2956558
2,Pinned Plate,89,9/19/2023,14:01:23,56.467,54.61544,53.1545,53.1545,28.71699,7.37E-03,244.6565,0.2953427
2,Pinned Plate,90,9/19/2023,14:01:44,59.34981,57.25606,55.78732,55.81074,29.32637,-5.14E-06,244.7679,0.2953427
2,Pinned Plate,91,9/19/2023,14:02:04,61.967,60.00606,58.76389,58.83418,29.78732,-5.08E-03,244.6752,0.295282
2,Pinned Plate,92,9/19/2023,14:02:25,64.55392,62.07637,60.56856,60.68576,30.04512,-5.08E-03,244.7313,0.2950951
2,Pinned Plate,93,9/19/2023,14:02:46,67.09298,64.4836,62.94355,63.0373,30.39668,-9.23E-03,244.5677,0.2948501
2,Pinned Plate,94,9/19/2023,14:03:06,69.33517,66.71016,65.14767,65.26485,30.70138,-6.00E-03,244.3855,0.2948501
2,Pinned Plate,95,9/19/2023,14:03:27,71.88203,69.1086,67.57736,67.71799,30.99824,-6.92E-03,244.5677,0.2950951
2,Pinned Plate,96,9/19/2023,14:03:48,74.55392,71.63986,70.32735,70.65548,31.33418,-9.69E-03,244.7313,0.2949688
2,Pinned Plate,97,9/19/2023,14:04:09,76.02266,73.13985,71.57736,71.80391,31.4045,-7.38E-03,244.887,0.2951633
2,Pinned Plate,98,9/19/2023,14:04:29,78.05391,75.42111,73.88985,74.10079,31.64669,-8.76E-03,244.7422,0.2948501
2,Pinned Plate,99,9/19/2023,14:04:50,80.07735,76.94453,75.47579,75.66328,31.88105,-8.76E-03,244.4563,0.2943501
2,Pinned Plate,100,9/19/2023,14:05:11,82.03828,78.80391,77.28048,77.57736,32.01387,-1.15E-02,244.7235,0.2945951
2,Pinned Plate,101,9/19/2023,14:05:31,79.78048,76.08516,74.10079,73.78048,27.42402,5.479221,244.7796,0.2945951
2,Pinned Plate,102,9/19/2023,14:05:52,77.07735,74.00703,71.75706,71.9836,27.12324,5.060641,244.8792,0.2948501
2,Pinned Plate,103,9/19/2023,14:06:13,74.56173,71.9211,69.71016,69.88985,26.68184,4.991134,244.8792,0.2946633
2,Pinned Plate,104,9/19/2023,14:06:33,72.64767,70.28048,68.09298,68.21017,26.68965,5.060154,244.8092,0.2950295
2,Pinned Plate,105,9/19/2023,14:06:54,71.16328,68.88985,66.73361,66.96797,26.49825,5.014074,244.7126,0.2946633
2,Pinned Plate,106,9/19/2023,14:07:15,69.71016,67.52267,65.38204,65.5461,26.47091,4.996669,244.4633,0.2943501
2,Pinned Plate,107,9/19/2023,14:07:36,68.39766,66.32735,64.01485,64.20235,26.50606,4.889349,244.4563,0.294782
2,Pinned Plate,108,9/19/2023,14:07:56,67.28048,65.25704,63.13106,63.20137,26.46309,5.019207,244.623,0.2950295
2,Pinned Plate,109,9/19/2023,14:08:17,66.2336,64.16328,62.16231,62.23263,26.41231,4.996669,244.6861,0.2950951
2,Pinned Plate,110,9/19/2023,14:08:38,65.33517,63.37325,61.30294,61.39668,26.44356,4.978871,244.6939,0.2950951
2,Pinned Plate,111,9/19/2023,14:08:58,64.52267,62.55293,60.56075,60.6545,26.37715,5.089723,244.4937,0.2949083
2,Pinned Plate,112,9/19/2023,14:09:19,63.86641,61.91231,59.91231,59.95918,26.44356,5.081612,244.542,0.2946633
2,Pinned Plate,113,9/19/2023,14:09:40,63.18575,61.16231,59.16231,59.23263,26.342,4.928668,244.4563,0.294782
2,Pinned Plate,114,9/19/2023,14:10:00,62.64669,60.74044,58.70137,58.74825,26.24043,4.982831,244.2632,0.2948501
2,Pinned Plate,115,9/19/2023,14:10:21,62.0373,60.17793,58.06856,58.13887,26.24824,5.061139,244.4229,0.2946633
2,Pinned Plate,116,9/19/2023,14:10:42,61.53732,59.67012,57.67795,57.72482,26.18184,4.97769,244.3932,0.294782
2,Pinned Plate,117,9/19/2023,14:11:02,61.13106,59.29513,57.29513,57.31857,26.23263,5.127712,244.4633,0.2950295
2,Pinned Plate,118,9/19/2023,14:11:23,60.81074,58.81855,56.80293,56.87324,26.21309,4.947646,244.6565,0.2951633
2,Pinned Plate,119,9/19/2023,14:11:44,60.45138,58.57637,56.63107,56.63107,26.20528,4.885693,244.5786,0.2948501
2,Pinned Plate,120,9/19/2023,14:12:05,60.16231,58.29513,56.2795,56.34981,26.20528,4.993601,244.542,0.2950951
2,Pinned Plate,121,9/19/2023,14:12:25,59.85762,57.95918,56.01387,56.02168,26.18575,4.893497,244.4338,0.2947213
2,Pinned Plate,122,9/19/2023,14:12:46,59.63107,57.70137,55.77951,55.73263,26.11153,4.951797,244.412,0.2947213
2,Pinned Plate,123,9/19/2023,14:13:07,59.42012,57.53732,55.59982,55.62326,26.11934,4.81163,244.4937,0.2946633
2,Pinned Plate,124,9/19/2023,14:13:27,59.17012,57.31075,55.38888,55.38888,26.06856,4.799881,244.6861,0.295282
2,Pinned Plate,125,9/19/2023,14:13:48,59.02168,57.14668,55.24043,55.19356,26.2209,5.081124,244.4937,0.295282
2,Pinned Plate,126,9/19/2023,14:14:09,58.85762,56.88887,55.01387,55.06074,26.22871,5.086757,244.5864,0.295282
2,Pinned Plate,127,9/19/2023,14:14:29,58.7717,56.89668,54.9748,54.9748,26.20918,5.082608,244.5864,0.295282
2,Pinned Plate,128,9/19/2023,14:14:50,58.58419,56.70918,54.82637,54.80293,26.23653,5.009419,244.5233,0.2953427
2,Pinned Plate,129,9/19/2023,14:15:11,58.44356,56.61544,54.66231,54.73263,26.16231,4.821899,244.5007,0.2950295
2,Pinned Plate,130,9/19/2023,14:15:32,58.38105,56.55293,54.59982,54.55293,26.18575,5.170763,244.2632,0.2948501
