Sample,Date,Time,Surface,Liquid,Vapour,Water In,Water Out,Chamber Px,Voltage,Current,Water Flow
65,8/29/2023,14:06:19,102.7914,45.88668,22.05606,21.1381,21.72403,39.52078,1.992654,0.0012624,12.26786
66,8/29/2023,14:06:37,61.61074,46.54293,22.1381,21.11857,21.78262,42.27662,1.998651,0.0009468,12.41542
67,8/29/2023,14:06:55,64.00235,47.59762,22.63027,21.17715,22.60293,45.06229,1.998651,0.0009468,11.17367
68,8/29/2023,14:07:13,63.56389,48.00387,23.05216,21.32169,23.41153,46.45458,1.998651,0.0012624,12.54308
69,8/29/2023,14:07:31,63.7289,48.62106,23.27091,21.46231,23.85684,47.4567,1.998966,0.0009468,12.14713
70,8/29/2023,14:07:49,63.83828,48.80856,23.33732,21.55606,24.17715,48.16245,1.998651,0.0009468,12.01681
71,8/29/2023,14:08:07,63.90079,48.97263,23.40372,21.54825,24.41934,48.58462,1.998651,0.0009468,12.71936
72,8/29/2023,14:08:25,64.0336,49.03513,23.4467,21.56389,24.46231,48.69123,1.998651,0.0012624,12.6385
73,8/29/2023,14:08:43,64.10391,49.10544,23.49749,21.61074,24.61074,48.79782,1.998651,0.0012624,12.60633
74,8/29/2023,14:09:01,64.04922,49.29293,23.5131,21.62637,24.67715,49.13898,1.998651,0.0012624,12.6234
75,8/29/2023,14:09:19,64.06484,49.26169,23.60293,21.61856,24.66934,49.0878,1.998966,0.0012624,12.7969
76,8/29/2023,14:09:37,64.10391,49.37107,23.6459,21.63418,24.68496,49.37778,1.998651,0.0012624,12.54761
77,8/29/2023,14:09:55,64.07266,49.41012,23.71231,21.62246,24.77481,49.48013,1.998334,0.0012624,12.54898
78,8/29/2023,14:10:13,64.15078,49.46482,23.7709,21.68106,24.78262,49.50572,1.998651,0.0012624,12.63007
79,8/29/2023,14:10:31,64.16641,49.48825,23.8959,21.66153,24.86465,49.58674,1.998651,0.0009468,12.20794
80,8/29/2023,14:10:49,64.22891,49.49606,23.90371,21.66153,24.89199,49.45455,1.998651,0.0012624,12.61222
81,8/29/2023,14:14:31,46.89199,45.88668,23.0795,21.73184,21.86074,29.16059,1.991708,0.0012624,12.74204
82,8/29/2023,14:14:49,46.70449,45.77731,23.03653,21.63809,21.79043,28.58598,1.991708,0.0012624,12.85283
83,8/29/2023,14:15:07,46.82168,45.56637,23.02871,21.62637,21.8295,29.03372,1.993601,0.0012624,12.81055
84,8/29/2023,14:15:25,58.20451,45.35544,23.05997,21.61856,21.82168,32.39402,1.994548,0.0012624,12.53541
85,8/29/2023,14:15:43,61.18105,46.00387,23.00137,21.57559,21.90762,37.02509,1.995811,0.0012624,12.65575
86,8/29/2023,14:16:01,62.32169,47.08981,23.06778,21.59123,22.27872,42.35764,1.996441,0.0012624,12.21172
87,8/29/2023,14:16:19,63.81485,47.93356,23.18497,21.60684,22.9545,45.93222,1.997702,0.0012624,12.04794
88,8/29/2023,14:16:37,64.68984,48.83199,23.42326,21.56389,23.72793,48.08568,1.998019,0.001578,12.20516
89,8/29/2023,14:16:55,64.9164,49.36326,23.56389,21.45059,24.38029,49.5313,1.998019,0.001578,11.77831
90,8/29/2023,14:17:13,64.97891,49.49606,23.50529,21.49357,24.6459,49.7701,1.998019,0.001578,12.4667
91,8/29/2023,14:17:31,64.96328,49.60543,23.58732,21.50138,24.85684,49.95134,1.998019,0.0012624,12.1334
92,8/29/2023,14:17:49,65.02579,49.66793,23.63027,21.41544,24.95059,49.95134,1.998019,0.0018936,12.18629
93,8/29/2023,14:18:07,64.96328,49.69918,23.71231,21.49749,24.98184,49.97691,1.998019,0.001578,11.96047
94,8/29/2023,14:18:25,65.00235,49.71481,23.75528,21.5131,25.0756,50.00251,1.998019,0.0018936,12.11191
95,8/29/2023,14:18:43,65.01797,49.707,23.87247,21.52872,25.09121,50.00251,1.998019,0.001578,12.04495
96,8/29/2023,14:19:01,65.00235,49.71481,23.9584,21.5131,25.17325,50.16669,1.998019,0.001578,12.05452
97,8/29/2023,14:19:19,65.01016,49.74606,24.017,21.52872,25.21622,50.16669,1.998019,0.001578,12.18033
98,8/29/2023,14:19:37,65.0336,49.74606,24.11465,21.56778,25.20451,50.24131,1.997702,0.001578,12.09159
99,8/29/2023,14:19:55,64.99453,49.77731,24.17325,21.57559,25.31388,50.05368,1.997702,0.001578,12.23772
100,8/29/2023,14:20:13,64.95547,49.78512,24.23185,21.5834,25.29825,50.21572,1.997702,0.001578,11.98126
101,8/29/2023,14:20:31,64.99453,49.75387,24.32559,21.64981,25.31388,50.19014,1.997702,0.001578,11.51956
102,8/29/2023,14:20:49,65.01016,49.7695,24.392,21.66543,25.3295,50.29249,1.997702,0.001578,12.07625
103,8/29/2023,14:21:07,65.01797,49.84762,24.42326,21.72403,25.3959,50.53129,1.997388,0.0012624,12.02579
104,8/29/2023,14:21:25,64.97891,49.80856,24.48184,21.78262,25.49749,50.26689,1.997388,0.0012624,12.12962
105,8/29/2023,14:21:43,65.0961,49.85544,24.50529,21.8334,25.52091,50.48012,1.997388,0.001578,12.29144
106,8/29/2023,14:22:01,65.05704,49.83981,24.54044,21.86465,25.52872,50.66348,1.997388,0.0012624,12.1849
107,8/29/2023,14:22:19,65.11954,49.87888,24.60684,21.9584,25.56778,50.45452,1.997388,0.0012624,12.13659
108,8/29/2023,14:22:37,65.08047,49.91013,24.66543,21.98965,25.60293,50.89802,1.997072,0.0009468,11.97167
109,8/29/2023,14:22:55,65.16641,49.85544,24.78262,22.03263,25.71621,50.89802,1.997388,0.001578,12.0902
110,8/29/2023,14:23:13,65.17422,49.91013,24.76309,22.11465,25.75137,51.1624,1.997388,0.001578,12.07844
111,8/29/2023,14:23:31,65.21329,50.0195,24.85684,22.18106,26.04434,51.68478,1.997072,0.001578,10.30836
112,8/29/2023,14:23:49,65.29141,50.12888,24.88809,22.21622,26.35685,52.13255,1.997388,0.001578,10.26004
113,8/29/2023,14:24:07,65.33048,50.16794,24.97793,22.267,26.63418,52.42252,1.997388,0.001578,9.651271
114,8/29/2023,14:24:25,65.4086,50.24606,25.06387,22.18888,26.61074,52.39693,1.997072,0.001578,10.22705
115,8/29/2023,14:24:43,65.48673,50.27732,25.12247,22.14591,26.61856,52.63573,1.997388,0.001578,10.28431
116,8/29/2023,14:25:01,65.44766,50.23825,25.20451,22.18497,26.55606,52.42252,1.997388,0.0012624,10.42204
117,8/29/2023,14:25:19,65.39297,50.27732,25.24747,22.22012,26.59123,52.6869,1.997388,0.001578,10.41997
118,8/29/2023,14:25:37,65.43204,50.24606,25.28653,22.25919,26.63027,52.6869,1.997388,0.0012624,10.40694
119,8/29/2023,14:25:55,65.43204,50.29293,25.33732,22.31388,26.65762,52.6869,1.997388,0.001578,10.56975
120,8/29/2023,14:26:13,65.44766,50.332,25.48965,22.3881,26.68106,52.92571,1.997388,0.0012624,10.44314
121,8/29/2023,14:26:31,65.43986,50.30075,25.49749,22.41934,26.76309,52.97688,1.997388,0.0018936,10.4791
122,8/29/2023,14:26:49,65.51799,50.3867,25.56389,22.43497,26.80215,53.13467,1.997072,0.001578,10.38707
123,8/29/2023,14:27:07,65.53361,50.41795,25.59512,22.49357,26.80997,53.07923,1.997388,0.001578,10.39514
124,8/29/2023,14:27:25,65.59609,50.41012,25.71231,22.58732,26.82559,53.45022,1.997388,0.001578,10.37962
125,8/29/2023,14:27:43,65.65859,50.49606,25.75528,22.62637,26.91544,53.57602,1.997072,0.001578,10.27415
126,8/29/2023,14:28:01,65.54141,50.50389,25.78653,22.68496,27.05216,53.63358,1.997072,0.001578,10.36595
127,8/29/2023,14:28:19,65.62734,50.5117,25.84512,22.74356,27.10684,53.95341,1.997388,0.0018936,10.00786
128,8/29/2023,14:28:37,65.71328,50.55856,25.91153,22.80997,27.27482,54.23699,1.997072,0.001578,10.00849
129,8/29/2023,14:28:55,65.65859,50.59762,25.95059,22.85293,27.267,54.3436,1.997388,0.001578,10.3732
130,8/29/2023,14:29:13,65.80703,50.62887,26.03653,22.78262,27.34903,54.60371,1.997388,0.0018936,10.02182
131,8/29/2023,14:29:31,65.82265,50.64449,26.0756,22.87637,27.36466,54.57814,1.997072,0.0018936,10.26855
132,8/29/2023,14:29:49,65.79922,50.64449,26.10294,22.92716,27.31388,54.62931,1.997388,0.001578,10.35021
133,8/29/2023,14:30:07,65.81485,50.68356,26.16934,23.017,27.35685,54.84252,1.997072,0.001578,10.41418
134,8/29/2023,14:30:25,65.83047,50.72262,26.23575,23.0834,27.47012,54.97046,1.997072,0.001578,10.34524
135,8/29/2023,14:30:43,65.88515,50.707,26.29435,23.09121,27.4545,55.03015,1.997388,0.0018936,10.3384
136,8/29/2023,14:31:01,65.8539,50.74606,26.28263,23.21231,27.59512,55.3713,1.997072,0.001578,10.35518
137,8/29/2023,14:31:19,65.88515,50.77731,26.36856,23.24356,27.57951,55.44807,1.997388,0.001578,10.3732
138,8/29/2023,14:31:37,65.89297,50.83199,26.42716,23.22794,27.63809,55.49924,1.997072,0.0018936,10.36699
139,8/29/2023,14:31:55,65.95547,50.84762,26.44278,23.31779,27.67715,55.65701,1.997072,0.001578,10.32784
140,8/29/2023,14:32:13,65.93204,50.8945,26.51699,23.34513,27.72793,55.73803,1.997072,0.001578,9.787075
141,8/29/2023,14:32:31,65.9164,50.90231,26.53263,23.38419,27.7709,55.71245,1.997072,0.0018936,10.08573
142,8/29/2023,14:32:49,65.94766,50.86325,26.5834,23.43497,27.79434,55.7892,1.997072,0.0018936,10.36015
143,8/29/2023,14:33:07,65.96328,50.97263,26.62637,23.45059,27.8334,55.99603,1.996757,0.001578,9.955134
144,8/29/2023,14:33:25,65.94766,50.98043,26.68496,23.50918,27.94278,55.99603,1.997072,0.001578,10.06804
145,8/29/2023,14:33:43,66.01016,51.02731,26.72403,23.55217,27.98575,56.36275,1.997072,0.001578,9.962849
146,8/29/2023,14:34:01,66.01797,51.00387,26.78262,23.53263,28.017,56.49921,1.996757,0.001578,10.10383
147,8/29/2023,14:34:19,66.07266,51.01168,26.79043,23.54044,28.02481,56.62714,1.996757,0.001578,10.19175
148,8/29/2023,14:34:37,66.10391,51.07418,26.84902,23.59904,28.03263,56.49921,1.997072,0.001578,10.39183
149,8/29/2023,14:34:55,66.07266,51.03513,26.86465,1.00E-30,27.98184,56.70817,1.996757,0.001578,10.45306
150,8/29/2023,14:35:13,66.10391,51.07418,26.89981,23.67324,28.00528,56.65273,1.996757,0.001578,10.29592
151,8/29/2023,14:35:31,66.1586,51.082,27.00918,23.68106,28.09903,56.81477,1.996757,0.0018936,10.34752
152,8/29/2023,14:35:49,66.11954,51.11325,27.017,23.81778,28.09903,56.86594,1.996757,0.0018936,10.3968
153,8/29/2023,14:36:07,66.17422,51.09762,27.04824,23.82559,28.1381,56.89154,1.996757,0.001578,10.48696
154,8/29/2023,14:36:25,66.0961,51.207,27.06387,23.89199,28.12247,57.729,1.996757,0.0018936,8.49829
155,8/29/2023,14:36:43,66.29141,51.23825,27.09513,23.82168,28.97013,58.33902,1.996441,0.0018936,8.355527
156,8/29/2023,14:37:01,66.3461,51.41795,27.22794,23.85684,29.09513,58.57288,1.996441,0.001578,8.269616
157,8/29/2023,14:37:19,66.37736,51.44918,27.26309,23.86465,29.20451,58.51694,1.996757,0.001578,8.341288
158,8/29/2023,14:37:37,66.4086,51.45699,27.34513,23.72012,29.26309,58.75588,1.996441,0.0018936,8.430542
159,8/29/2023,14:37:55,66.43986,51.46482,27.3881,23.53263,29.20059,58.49152,1.996757,0.0018936,8.12871
160,8/29/2023,14:38:13,66.44766,51.42576,27.48576,23.5131,29.23575,58.54746,1.996757,0.0018936,8.362754
161,8/29/2023,14:38:31,66.39297,51.46482,27.60293,23.4467,29.09121,58.51694,1.996757,0.0018936,8.413546
162,8/29/2023,14:38:49,66.28359,51.3945,27.58732,23.4545,29.09903,58.38987,1.996757,0.0018936,8.169806
163,8/29/2023,14:39:07,66.36954,51.43357,27.62637,23.44278,29.11465,58.33902,1.996757,0.0018936,8.33427
164,8/29/2023,14:39:25,66.40079,51.41795,27.71231,23.42716,29.04824,58.2831,1.996757,0.0018936,8.336611
165,8/29/2023,14:39:43,66.29141,51.42576,27.74356,23.40763,29.00528,58.01876,1.996757,0.0018936,8.24515
166,8/29/2023,14:40:01,66.3461,51.36326,27.80215,23.42326,29.0209,57.9425,1.996757,0.0018936,8.415246
167,8/29/2023,14:40:19,66.30704,51.34763,27.8334,23.42326,29.0209,58.07468,1.996441,0.0018936,8.287485
168,8/29/2023,14:40:37,66.38516,51.332,27.86856,23.38029,29.11075,58.10011,1.996757,0.0018936,8.313858
169,8/29/2023,14:40:55,66.41642,51.33982,27.92716,23.41153,29.1381,58.23228,1.996757,0.0018936,8.302587
170,8/29/2023,14:41:13,66.40079,51.3945,27.93496,23.4467,29.19669,58.04926,1.996757,0.0018936,8.235148
171,8/29/2023,14:41:31,66.36172,51.37889,27.99356,23.4545,29.18497,57.9425,1.996441,0.0018936,8.282807
172,8/29/2023,14:41:49,66.32266,51.3867,28.00137,23.43497,29.13418,58.04926,1.996757,0.0018936,8.133608
173,8/29/2023,14:42:07,66.35392,51.3945,28.0834,23.44278,29.16934,58.04926,1.996757,0.0018936,8.181728
174,8/29/2023,14:42:25,66.38516,51.40231,28.09121,23.47795,29.12638,58.18145,1.996757,0.0018936,7.912589
175,8/29/2023,14:42:43,66.41642,51.43357,28.0756,23.48576,29.18497,58.25768,1.996757,0.0018936,8.212592
176,8/29/2023,14:43:01,66.37736,51.41795,28.10684,23.46623,29.16544,58.04926,1.996441,0.0018936,8.158522
177,8/29/2023,14:43:19,66.37736,51.37107,28.15762,23.44278,29.19278,58.25768,1.996441,0.0018936,8.304713
178,8/29/2023,14:43:37,66.36954,51.43357,28.19669,23.50918,29.15762,58.25768,1.996441,0.0018936,8.031776
179,8/29/2023,14:43:55,66.48673,51.43357,28.17325,23.48184,29.23185,58.4661,1.996441,0.001578,8.271532
180,8/29/2023,14:44:13,66.4086,51.44918,28.23965,23.52483,29.32169,58.36443,1.996441,0.0018936,8.333634
181,8/29/2023,14:44:31,66.36954,51.48044,28.24747,23.50529,29.3295,58.36443,1.996441,0.0018936,7.329801
182,8/29/2023,14:44:49,66.51799,51.44138,28.27872,23.48965,29.33732,58.38987,1.996441,0.0018936,8.30514
183,8/29/2023,14:45:07,66.38516,51.47263,28.28653,23.52091,29.27091,58.2831,1.996441,0.0018936,7.857228
184,8/29/2023,14:45:25,66.39297,51.48044,28.3295,23.53653,29.31388,58.25768,1.996441,0.0018936,8.254938
185,8/29/2023,14:45:43,66.42423,51.46482,28.3295,23.48576,29.28653,58.23228,1.996441,0.001578,8.381033
186,8/29/2023,14:46:01,66.41642,51.48044,28.34513,23.52872,29.30216,58.65419,1.996441,0.001578,6.466614
187,8/29/2023,14:46:19,66.68984,51.63668,28.43497,23.54436,29.79824,59.88443,1.996441,0.0018936,6.331583
188,8/29/2023,14:46:37,66.83047,51.71481,28.43497,23.59512,30.20059,60.31147,1.996757,0.0018936,6.139375
189,8/29/2023,14:46:55,66.86954,51.84762,28.50138,23.5834,30.56778,60.70285,1.996757,0.001578,6.449775
190,8/29/2023,14:47:13,66.94766,51.87888,28.55997,23.59123,30.60293,60.80965,1.996757,0.0018936,6.466505
191,8/29/2023,14:47:31,66.93204,51.86325,28.69278,23.4467,30.66153,60.67746,1.996757,0.0018936,6.628325
192,8/29/2023,14:47:49,66.96328,51.87106,28.78653,23.20841,30.64981,60.57072,1.996441,0.0018936,6.683436
193,8/29/2023,14:48:07,66.90079,51.87888,28.83731,23.10684,30.59904,60.54527,1.996441,0.0018936,6.347672
194,8/29/2023,14:48:25,66.88515,51.83981,28.91934,23.06387,30.50918,60.31147,1.996757,0.0018936,6.54844
195,8/29/2023,14:48:43,66.83047,51.80856,28.98575,23.02871,30.52483,59.90981,1.996757,0.0018936,6.439909
196,8/29/2023,14:49:01,66.83047,51.76168,28.98575,22.93496,30.38029,59.70653,1.996757,0.0018936,6.499001
197,8/29/2023,14:49:19,66.75234,51.75387,29.05216,22.91544,30.33732,59.65055,1.996757,0.0018936,6.381884
198,8/29/2023,14:49:37,66.80703,51.707,29.0834,22.89981,30.34513,59.56926,1.996441,0.0018936,6.388534
199,8/29/2023,14:49:55,66.7289,51.72262,29.0756,22.86465,30.43497,59.36082,1.996441,0.0018936,6.288142
200,8/29/2023,14:50:13,66.70547,51.67574,29.09903,22.81387,30.28653,59.41675,1.996441,0.0018936,6.439371
201,8/29/2023,14:50:31,66.65078,51.64449,29.142,22.80215,30.25138,59.07108,1.996126,0.0018936,6.379846
202,8/29/2023,14:50:49,66.58047,51.59762,29.11465,22.77871,30.27482,58.86772,1.996126,0.0018936,6.504042
203,8/29/2023,14:51:07,66.58829,51.55856,29.14981,22.75918,30.25919,58.80672,1.996126,0.0018936,6.536107
204,8/29/2023,14:51:25,66.45547,51.56637,29.16544,22.80215,30.12247,58.60336,1.996126,0.0018936,6.436153
205,8/29/2023,14:51:43,66.44766,51.48044,29.14591,22.80997,30.05606,58.4661,1.996126,0.0018936,6.458676
206,8/29/2023,14:52:01,66.50235,51.5117,29.15372,22.73965,30.06387,58.49152,1.996126,0.0018936,6.372338
207,8/29/2023,14:52:19,66.46328,51.49606,29.1381,22.80606,30.13028,58.49152,1.996126,0.0018936,6.649877
208,8/29/2023,14:52:37,66.35392,51.48044,29.14591,22.75528,30.05216,58.41529,1.996126,0.0018936,6.453099
209,8/29/2023,14:52:55,66.47892,51.5117,29.20451,22.73965,29.9584,58.41529,1.996126,0.0018936,6.488813
210,8/29/2023,14:53:13,66.56487,51.48044,29.16934,22.77871,30.00137,58.38987,1.996126,0.0018936,5.889804
211,8/29/2023,14:53:31,66.54922,51.48825,29.12638,22.76309,29.9584,58.80672,1.996126,0.0018936,6.186352
212,8/29/2023,14:53:49,66.54922,51.55856,29.12638,22.79434,30.22012,59.07108,1.996441,0.0018936,6.312385
213,8/29/2023,14:54:07,66.61172,51.59762,29.16544,22.80215,30.30216,59.02024,1.996441,0.0018936,5.850769
214,8/29/2023,14:54:25,66.63515,51.57418,29.20059,22.83731,30.33732,59.15239,1.996441,0.0018936,5.886372
215,8/29/2023,14:54:43,66.6039,51.58981,29.18888,22.80215,30.39982,59.15239,1.996441,0.0018936,6.376414
216,8/29/2023,14:55:01,66.70547,51.59762,29.21622,22.75137,30.32559,59.15239,1.996441,0.0018936,6.026541
217,8/29/2023,14:55:19,66.61953,51.60543,29.24747,22.63027,30.28263,58.96939,1.996441,0.0018936,5.999297
218,8/29/2023,14:55:37,66.65078,51.61324,29.25528,22.61465,30.392,59.04566,1.996441,0.0018936,6.32547
219,8/29/2023,14:55:55,66.62734,51.51951,29.28263,22.63809,30.21622,58.60336,1.996441,0.0018936,6.242986
220,8/29/2023,14:56:13,66.65859,51.57418,29.31388,22.6459,30.29825,58.73046,1.996441,0.0018936,5.420313
221,8/29/2023,14:56:31,66.73672,51.62887,29.29825,22.73184,30.02871,60.38768,1.996441,0.0018936,4.199906
222,8/29/2023,14:56:49,67.06484,51.91793,29.37247,22.73184,30.86074,62.2025,1.996441,0.0018936,4.325465
223,8/29/2023,14:57:07,67.28359,52.19138,29.48965,22.7709,32.15762,62.80749,1.996126,0.0018936,4.118224
224,8/29/2023,14:57:25,67.29141,52.30075,29.66543,22.7709,32.63418,63.35653,1.996126,0.0018936,4.235501
225,8/29/2023,14:57:43,67.31485,52.3945,29.79043,22.82168,32.90762,63.72246,1.996126,0.0018936,3.836071
226,8/29/2023,14:58:01,67.46328,52.44918,29.97793,22.75528,33.16544,64.06814,1.996441,0.0018936,4.351561
227,8/29/2023,14:58:19,67.47112,52.52732,30.05997,22.73574,33.29825,64.35797,1.996441,0.0018936,4.24508
228,8/29/2023,14:58:37,67.47112,52.52732,30.23575,22.61074,33.50137,64.33251,1.996441,0.0018936,4.137363
229,8/29/2023,14:58:55,67.44766,52.52732,30.41544,22.43107,33.47795,64.45966,1.996441,0.0022092,4.026659
230,8/29/2023,14:59:13,67.54922,52.53513,30.5717,22.28653,33.57951,64.27656,1.996126,0.0018936,4.222358
231,8/29/2023,14:59:31,67.46328,52.54293,30.73184,22.06387,33.54044,63.93607,1.996126,0.0018936,4.088722
232,8/29/2023,14:59:49,67.41642,52.47263,30.80606,21.88419,33.54044,63.4073,1.996441,0.0018936,4.248168
233,8/29/2023,15:00:07,67.28359,52.43357,30.91544,21.81387,33.52482,63.4073,1.996441,0.0018936,4.178789
234,8/29/2023,15:00:25,67.30704,52.36326,30.98965,21.61074,33.42326,62.965,1.996126,0.0018936,4.107379
235,8/29/2023,15:00:43,67.18985,52.26169,31.09121,21.4545,33.44669,62.56855,1.996126,0.0018936,4.278079
236,8/29/2023,15:01:01,67.10391,52.2695,31.19669,21.43889,33.28262,62.27871,1.996126,0.0018936,4.108071
237,8/29/2023,15:01:19,67.18204,52.16012,31.25528,21.31779,33.23575,61.98901,1.996126,0.001578,3.79742
238,8/29/2023,15:01:37,67.11173,52.16012,31.28263,21.267,33.26699,61.88733,1.995811,0.0018936,4.079953
239,8/29/2023,15:01:55,67.04922,52.12106,31.33732,21.24747,33.17325,61.36375,1.996126,0.0018936,3.968454
240,8/29/2023,15:02:13,66.98672,52.05857,31.32169,21.18106,33.12637,61.1502,1.996126,0.0022092,4.171026
241,8/29/2023,15:02:31,66.9164,52.03513,31.3959,21.13028,33.0795,60.83504,1.996126,0.0022092,4.176821
242,8/29/2023,15:02:49,66.90079,51.98824,31.38029,21.1381,32.98574,60.88588,1.995811,0.0022092,4.141938
243,8/29/2023,15:03:07,66.90079,51.8945,31.35293,21.16154,32.93887,60.57072,1.996126,0.0022092,4.238482
244,8/29/2023,15:03:25,67.00235,51.92575,31.3881,21.11857,32.89199,60.51989,1.996126,0.0022092,4.208844
245,8/29/2023,15:03:43,66.83828,51.87888,31.36076,21.04044,32.94668,60.19959,1.996126,0.0022092,4.094195
246,8/29/2023,15:04:01,66.9164,51.86325,31.36856,21.05606,32.86074,60.19959,1.996126,0.0022092,4.162248
247,8/29/2023,15:04:19,66.7914,51.83199,31.38419,21.01309,32.84512,60.09792,1.996126,0.0022092,4.175226
248,8/29/2023,15:04:37,66.79922,51.83981,31.392,21.0209,32.7748,60.07252,1.996126,0.0022092,4.165176
249,8/29/2023,15:04:55,66.80703,51.79293,31.35293,20.97793,32.75918,59.97085,1.996126,0.0018936,4.095524
250,8/29/2023,15:05:13,66.73672,51.82419,31.25138,20.9545,32.68105,59.90981,1.996126,0.0022092,4.01476
251,8/29/2023,15:05:31,66.74453,51.77731,31.3334,20.93496,32.76699,60.09792,1.995811,0.0022092,4.191129
252,8/29/2023,15:05:49,66.75234,51.78512,31.29045,20.94278,32.72012,60.09792,1.996126,0.0022092,3.982578
253,8/29/2023,15:06:07,66.73672,51.7695,31.29825,20.95059,32.72793,59.99623,1.995811,0.0022092,4.175332
254,8/29/2023,15:06:25,66.74453,51.77731,31.3334,20.93106,32.68887,60.19959,1.996126,0.0018936,4.151347
255,8/29/2023,15:06:43,67.12734,52.00387,31.29045,21.11857,32.5717,63.77335,1.995811,0.0022092,2.125029
256,8/29/2023,15:07:01,67.6039,52.42576,31.49749,21.20451,32.47795,66.74721,1.995811,0.0018936,2.137053
257,8/29/2023,15:07:19,68.00235,52.98824,31.65762,21.21231,33.46231,69.14162,1.996126,0.0022092,2.130964
258,8/29/2023,15:07:37,68.26015,53.30075,31.90762,21.31388,35.43888,70.55978,1.995811,0.0018936,2.053482
259,8/29/2023,15:07:55,68.45547,53.51951,32.18888,21.27091,36.8373,71.89691,1.995811,0.0022092,2.257089
260,8/29/2023,15:08:13,68.6039,53.83981,32.52482,21.38029,37.66543,72.89823,1.996126,0.0018936,2.204682
261,8/29/2023,15:08:31,68.74453,54.00387,32.85293,21.38029,38.30606,73.86916,1.996126,0.0022092,2.248909
262,8/29/2023,15:08:49,68.90079,54.19138,33.19668,21.4467,38.96231,74.60636,1.996126,0.0022092,2.211816
263,8/29/2023,15:09:07,69.01016,54.35544,33.49356,21.47404,39.23575,75.58263,1.995811,0.0022092,2.089854
264,8/29/2023,15:09:25,69.08828,54.44138,33.93106,21.53263,39.64199,76.18709,1.996126,0.0022092,2.158645
265,8/29/2023,15:09:43,69.18985,54.51951,34.23575,21.51699,39.94668,76.34007,1.996126,0.0022092,2.035034
266,8/29/2023,15:10:01,69.29141,54.66793,34.61855,21.52483,40.25138,77.0261,1.995811,0.0022092,2.078797
267,8/29/2023,15:10:19,69.31485,54.64449,34.86856,21.52483,40.39982,77.07674,1.995811,0.0022092,2.156701
268,8/29/2023,15:10:37,69.33048,54.75387,35.23575,21.48576,40.61074,77.65668,1.995811,0.0022092,2.150245
269,8/29/2023,15:10:55,69.37736,54.77731,35.43106,21.43497,40.68887,77.78888,1.995811,0.0022092,2.288677
270,8/29/2023,15:11:13,69.36172,54.88668,35.86856,21.27091,40.84512,78.20572,1.995811,0.0022092,2.163726
271,8/29/2023,15:11:31,69.41642,54.91793,36.07168,21.14591,40.97012,78.49516,1.995811,0.0018936,2.216512
272,8/29/2023,15:11:49,69.44766,54.92575,36.27481,21.10294,41.0795,78.25636,1.995811,0.0022092,2.026551
273,8/29/2023,15:12:07,69.36172,54.93356,36.55606,20.88028,41.20451,78.44453,1.995811,0.0018936,2.209509
274,8/29/2023,15:12:25,69.43986,54.94137,36.71231,20.73184,41.31388,78.52074,1.995811,0.0018936,2.225548
275,8/29/2023,15:12:43,69.49454,54.94918,36.97012,20.61074,41.36856,78.36829,1.995811,0.0022092,2.194692
276,8/29/2023,15:13:01,69.40079,54.90231,37.24356,20.40763,41.44669,78.07832,1.995811,0.0022092,2.048358
277,8/29/2023,15:13:19,69.43204,54.91013,37.32949,20.30997,41.4545,78.20572,1.995811,0.0022092,2.042718
278,8/29/2023,15:13:37,69.43204,54.88668,37.54825,20.15762,41.54825,77.92107,1.996126,0.0018936,2.055759
279,8/29/2023,15:13:55,69.41642,54.86325,37.68105,20.05997,41.70449,77.68175,1.996126,0.0022092,1.973138
280,8/29/2023,15:14:13,69.41642,54.79293,37.93106,19.85293,41.68105,77.58045,1.996126,0.0022092,2.174928
281,8/29/2023,15:14:31,69.42423,54.77731,38.00918,19.83731,41.66543,77.58045,1.996126,0.0022092,1.89464
282,8/29/2023,15:14:49,69.37736,54.84762,38.16544,19.73184,41.64199,77.73292,1.995811,0.0018936,2.059486
283,8/29/2023,15:15:07,69.37736,54.82419,38.25919,19.65762,41.68887,77.94613,1.995811,0.0022092,1.96407
284,8/29/2023,15:15:25,69.44766,54.87106,38.36075,19.57951,41.71231,77.92107,1.996126,0.0022092,2.167176
285,8/29/2023,15:15:43,69.38516,54.80856,38.46231,19.50918,41.86856,77.58045,1.996126,0.0018936,2.128526
286,8/29/2023,15:16:01,69.47892,54.85544,38.63418,19.48184,42.017,77.7633,1.996126,0.0022092,1.958852
287,8/29/2023,15:16:19,69.48673,54.91793,38.69668,19.46623,42.07168,77.70732,1.996126,0.0022092,1.895079
288,8/29/2023,15:16:37,67.67422,53.957,38.64199,17.52872,31.89199,60.88588,1.996126,0.0022092,12.26191
289,8/29/2023,15:16:55,65.83047,51.332,37.78262,16.43889,25.75528,50.55687,1.996126,0.0025247,12.26766
290,8/29/2023,15:17:42,64.95547,49.5117,34.22012,22.16154,25.88419,47.64433,1.996126,0.0022092,12.32075
291,8/29/2023,15:18:00,65.11954,49.68356,33.67324,23.10684,26.8959,48.849,1.996126,0.0022092,12.38501
292,8/29/2023,15:18:18,65.21329,49.85544,33.34512,23.54044,27.27482,49.95134,1.996126,0.0022092,12.33955
293,8/29/2023,15:18:36,65.38516,49.957,33.0795,23.8295,27.53653,50.40549,1.996126,0.0025247,12.24724
294,8/29/2023,15:18:54,65.4086,50.12888,32.75137,23.9545,27.81778,51.08138,1.996126,0.0025247,12.4529
295,8/29/2023,15:19:12,65.61953,50.19919,32.52482,24.10684,27.94278,51.55899,1.996126,0.0025247,12.32471
296,8/29/2023,15:19:30,65.65078,50.29293,32.32169,24.20841,28.04434,52.18797,1.996126,0.0022092,12.42647
297,8/29/2023,15:19:48,65.71328,50.3867,32.08731,24.27872,28.0834,52.4481,1.996126,0.0025247,12.25795
298,8/29/2023,15:20:06,65.86954,50.48044,31.83731,24.27872,28.11075,53.02805,1.996126,0.0022092,12.40891
299,8/29/2023,15:20:24,65.77578,50.48044,31.68887,24.3295,28.16154,53.24126,1.996126,0.0025247,12.22898
300,8/29/2023,15:20:42,65.8539,50.58199,31.48576,24.30606,28.18497,53.55044,1.996126,0.0025247,12.32827
301,8/29/2023,15:21:00,65.94766,50.62887,31.41153,24.35685,28.13418,53.8404,1.995811,0.0022092,12.1992
302,8/29/2023,15:21:18,65.90079,50.67574,31.21231,24.35685,28.21231,53.95341,1.995811,0.0022092,12.74497
303,8/29/2023,15:21:36,65.97891,50.68356,31.06778,24.41544,28.16934,54.36918,1.996126,0.0022092,12.72308
304,8/29/2023,15:21:54,65.99453,50.68356,30.86856,24.43889,28.11857,54.47579,1.996126,0.0022092,12.38955
305,8/29/2023,15:22:12,66.08047,50.76168,30.79824,24.52483,28.17715,54.57814,1.995811,0.0025247,12.71819
306,8/29/2023,15:22:30,66.10391,50.76168,30.64981,24.49749,28.17715,54.76577,1.996126,0.0022092,13.00451
307,8/29/2023,15:22:48,66.05704,50.86325,30.52091,24.52483,28.25138,54.99604,1.996126,0.0028404,12.84932
308,8/29/2023,15:23:06,66.08828,50.94137,30.40372,24.5834,28.25919,55.34572,1.996126,0.0025247,12.54839
309,8/29/2023,15:23:24,66.16641,50.92575,30.38419,24.64199,28.34122,55.23484,1.996126,0.0025247,12.66025
310,8/29/2023,15:23:42,66.14297,50.98043,30.25919,24.64199,28.24356,55.3969,1.996126,0.0025247,12.68395
311,8/29/2023,15:24:00,66.18985,50.94918,30.15762,24.61465,28.267,55.91926,1.996126,0.0025247,12.28332
312,8/29/2023,15:24:18,66.24454,51.01168,30.06387,24.64981,28.34903,55.84464,1.996126,0.0025247,12.79085
313,8/29/2023,15:24:36,66.26798,51.01168,30.09121,24.67324,28.30216,56.18366,1.996126,0.0025247,12.6283
314,8/29/2023,15:24:54,66.27579,51.08981,29.94668,24.7084,28.38419,56.33718,1.996126,0.0025247,13.11724
315,8/29/2023,15:25:12,66.29922,51.08981,29.87247,24.7084,28.35685,56.57596,1.996126,0.0025247,12.16582
316,8/29/2023,15:25:30,66.36954,51.12106,29.8295,24.71621,28.41544,56.65273,1.995811,0.0025247,12.8429
317,8/29/2023,15:25:48,66.26015,51.16794,29.72793,24.66543,28.34122,56.68258,1.996126,0.0025247,12.36624
318,8/29/2023,15:26:06,66.33048,51.16794,29.70449,24.66543,28.34122,56.73802,1.996126,0.0025247,12.6336
319,8/29/2023,15:26:24,66.33048,51.19138,29.67715,24.68887,28.41544,56.97255,1.996126,0.0022092,12.49251
320,8/29/2023,15:26:42,66.37736,51.23045,29.61074,24.72403,28.39982,57.04932,1.996126,0.0025247,12.2746
321,8/29/2023,15:27:00,66.44766,51.17575,29.59123,24.65371,28.40763,57.26253,1.996126,0.0025247,12.37158
322,8/29/2023,15:27:18,66.38516,51.23825,29.51699,24.65371,28.38029,57.33928,1.996126,0.0022092,12.45113
323,8/29/2023,15:27:36,66.38516,51.24606,29.47404,24.68887,28.36466,57.3884,1.996126,0.0025247,12.14315
324,8/29/2023,15:27:54,66.49454,51.30075,29.43107,24.66934,28.4467,57.60191,1.996126,0.0025247,11.73872
325,8/29/2023,15:28:12,66.51799,51.30075,29.38029,24.66934,28.3959,57.55108,1.996126,0.0025247,11.2079
326,8/29/2023,15:28:30,66.50235,51.332,29.36466,24.70449,28.7084,57.96792,1.996126,0.0025247,9.916966
327,8/29/2023,15:28:48,66.54922,51.42576,29.31388,24.67715,28.73184,57.84084,1.995811,0.0025247,12.28649
328,8/29/2023,15:29:06,66.51015,51.36326,29.34513,24.53263,28.41153,57.99334,1.996126,0.0025247,12.58906
329,8/29/2023,15:29:24,66.44766,51.37107,29.27872,24.46623,28.22012,57.96792,1.996126,0.0025247,12.72308
330,8/29/2023,15:29:42,66.49454,51.32419,29.23575,24.57559,28.22794,58.07468,1.996126,0.0025247,12.88338
331,8/29/2023,15:30:00,66.52579,51.35544,29.18497,24.64981,28.25138,57.99334,1.996126,0.0025247,12.67573
332,8/29/2023,15:30:18,66.43986,51.36326,29.16934,24.63418,28.30997,58.15603,1.995811,0.0022092,12.83296
333,8/29/2023,15:30:36,66.46328,51.36326,29.16934,24.65762,28.25919,58.07468,1.996126,0.0025247,12.56608
334,8/29/2023,15:30:54,66.51799,51.3945,29.09903,24.64199,28.31779,58.38987,1.995811,0.0022092,12.52538
335,8/29/2023,15:31:12,66.61953,51.42576,29.0834,24.67324,28.37637,58.15603,1.995811,0.0025247,12.41937
336,8/29/2023,15:31:30,66.59609,51.44918,29.05606,24.67324,28.35293,58.4407,1.995811,0.0025247,12.4801
337,8/29/2023,15:31:48,66.67422,51.45699,29.01309,24.63027,28.3334,58.51694,1.995811,0.0022092,12.75044
338,8/29/2023,15:32:06,66.65859,51.48825,29.04824,24.66543,28.34122,58.54746,1.995811,0.0022092,12.38501
339,8/29/2023,15:32:24,66.65859,51.46482,28.97403,24.66543,28.36856,58.54746,1.995811,0.0025247,12.69628
340,8/29/2023,15:32:42,66.70547,51.5117,28.99747,24.66543,28.34122,58.4407,1.996126,0.0025247,12.60594
341,8/29/2023,15:33:00,66.68984,51.51951,28.9545,24.69668,28.37637,58.60336,1.995811,0.0025247,11.50237
342,8/29/2023,15:33:18,66.64297,51.56637,28.90371,24.67324,28.37637,58.57288,1.995811,0.0025247,12.3528
343,8/29/2023,15:33:36,66.71328,51.54293,28.93106,24.67324,28.34903,58.73046,1.995811,0.0025247,12.524
344,8/29/2023,15:33:54,66.67422,51.55074,28.91153,24.68106,28.40763,58.80672,1.995811,0.0025247,12.10434
345,8/29/2023,15:34:12,66.69765,51.59762,28.83731,24.70449,28.45842,58.89314,1.996126,0.0025247,12.46276
346,8/29/2023,15:34:30,66.76797,51.59762,28.83731,24.68106,28.38419,58.86772,1.995811,0.0022092,11.89805
347,8/29/2023,15:34:48,66.7914,51.55074,28.80997,24.63027,28.35685,59.17781,1.996126,0.0025247,12.7088
348,8/29/2023,15:35:06,66.76797,51.67574,28.73574,24.65371,28.35685,59.17781,1.996126,0.0025247,12.08263
349,8/29/2023,15:35:24,66.79922,51.60543,28.767,24.66153,28.392,58.9948,1.996126,0.0025247,12.49999
350,8/29/2023,15:35:42,66.77578,51.66012,28.69278,24.68887,28.34122,59.02024,1.996126,0.0022092,12.44009
351,8/29/2023,15:36:00,66.73672,51.64449,28.64981,24.69668,28.34903,59.3354,1.995811,0.0022092,12.29738
352,8/29/2023,15:36:18,66.76797,51.67574,28.63418,24.67715,28.30606,59.17781,1.996126,0.0022092,12.46296
353,8/29/2023,15:36:36,66.76797,51.65231,28.5834,24.70449,28.43107,59.28456,1.996126,0.0025247,12.21271
354,8/29/2023,15:36:54,66.83828,51.69918,28.50529,24.67715,28.3295,59.51842,1.996126,0.0022092,12.62889
355,8/29/2023,15:37:12,66.79922,51.707,28.54044,24.68496,28.41544,59.36082,1.996126,0.0025247,11.7353
356,8/29/2023,15:37:30,66.87735,51.71481,28.52091,24.72012,28.42326,59.56926,1.996126,0.0025247,12.8719
357,8/29/2023,15:37:48,66.8539,51.71481,28.54825,24.66934,28.47404,59.75737,1.996126,0.0025247,12.19245
358,8/29/2023,15:38:06,66.88515,51.69918,28.50529,24.64981,28.43107,59.70653,1.995811,0.0022092,11.96827
359,8/29/2023,15:38:24,66.88515,51.72262,28.50529,24.62637,28.40372,59.59972,1.996126,0.0025247,12.45448
360,8/29/2023,15:38:42,66.89297,51.77731,28.48965,24.65762,28.3881,59.73191,1.996126,0.0025247,12.74907
361,8/29/2023,15:39:00,66.8461,51.707,28.5131,24.63418,28.41153,59.70653,1.996126,0.0025247,12.21271
362,8/29/2023,15:39:18,66.86954,51.73043,28.46231,24.60684,28.36076,59.59972,1.996126,0.0025247,12.08223
363,8/29/2023,15:39:36,66.83047,51.69137,28.49749,24.66543,28.36856,59.56926,1.996126,0.0022092,12.57197
364,8/29/2023,15:39:54,66.80703,51.66793,28.52872,24.70059,28.37637,59.38623,1.996126,0.0022092,12.64124
365,8/29/2023,15:40:12,66.7914,51.69918,28.50529,24.75137,28.37637,59.65055,1.996126,0.0025247,12.58375
366,8/29/2023,15:40:30,66.88515,51.66793,28.50529,24.67324,28.32559,59.59972,1.996126,0.0025247,12.59868
367,8/29/2023,15:40:48,66.86172,51.72262,28.47795,24.70059,28.30216,59.51842,1.996126,0.0022092,12.06808
368,8/29/2023,15:41:06,66.86954,51.707,28.5131,24.73184,28.38419,59.56926,1.996126,0.0025247,12.296
369,8/29/2023,15:41:24,66.93984,51.707,28.5131,24.75918,28.36076,59.59972,1.996126,0.0025247,12.59848
370,8/29/2023,15:41:42,66.82265,51.75387,28.5131,24.7084,28.41153,59.56926,1.996126,0.0025247,12.95721
371,8/29/2023,15:42:00,66.83047,51.71481,28.52091,24.71621,28.34122,59.62518,1.996126,0.0022092,12.49034
372,8/29/2023,15:42:18,66.87735,51.73824,28.47012,24.73965,28.34122,59.68108,1.996126,0.0025247,12.61889
373,8/29/2023,15:42:36,66.86172,51.72262,28.50138,24.72403,28.32559,59.85904,1.996126,0.0025247,12.33321
374,8/29/2023,15:42:54,66.83828,51.74606,28.50138,24.74746,28.42716,59.78275,1.996126,0.0025247,12.60908
375,8/29/2023,15:43:12,66.86172,51.72262,28.50138,24.72403,28.34903,59.44217,1.996126,0.0025247,12.88475
376,8/29/2023,15:43:30,66.81485,51.74606,28.50138,24.69668,28.39982,59.62518,1.996126,0.0025247,12.69413
377,8/29/2023,15:43:48,66.83828,51.72262,28.47795,24.72403,28.32559,59.73191,1.996126,0.0025247,12.16224
378,8/29/2023,15:44:06,66.83828,51.74606,28.47795,24.72403,28.37637,59.68108,1.996126,0.0025247,12.64301
379,8/29/2023,15:44:24,66.82265,51.73043,28.50918,24.70449,28.38419,59.8082,1.996126,0.0025247,12.69843
380,8/29/2023,15:44:42,66.82265,51.69918,28.50918,24.73184,28.40763,59.93527,1.996126,0.0025247,10.32224
381,8/29/2023,15:45:00,66.94766,51.78512,28.51699,24.76309,28.97013,60.48937,1.995811,0.0025247,10.43714
382,8/29/2023,15:45:18,66.92422,51.83199,28.51699,24.71231,29.09903,60.72829,1.996126,0.0025247,10.21542
383,8/29/2023,15:45:36,67.01797,51.87888,28.51699,24.63809,29.14591,60.91133,1.996126,0.0025247,10.39121
384,8/29/2023,15:45:54,66.9711,51.87888,28.57559,24.3881,29.0795,60.65208,1.995811,0.0022092,9.565972
385,8/29/2023,15:46:12,66.90859,51.83981,28.57559,24.36466,29.02871,60.62662,1.996126,0.0025247,10.04265
386,8/29/2023,15:46:30,66.96328,51.84762,28.65762,24.29435,29.01309,60.41314,1.996126,0.0025247,10.14978
387,8/29/2023,15:46:48,66.93984,51.80074,28.60684,24.22012,28.96231,60.19959,1.996126,0.0025247,10.13772
388,8/29/2023,15:47:06,66.9164,51.75387,28.66543,24.20059,28.94278,60.14875,1.996126,0.0025247,9.840151
389,8/29/2023,15:47:24,66.8539,51.76168,28.64199,24.14981,28.91934,60.09792,1.996126,0.0025247,9.868547
390,8/29/2023,15:47:42,66.81485,51.7695,1.00E-30,24.13418,29.02871,59.85904,1.996126,0.0025247,9.814243
391,8/29/2023,15:48:00,66.81485,51.69137,28.70059,24.10684,29.00137,59.85904,1.996126,0.0025247,9.918636
392,8/29/2023,15:48:18,66.8461,51.72262,28.7084,24.04044,29.00918,59.90981,1.996126,0.0028404,9.771185
393,8/29/2023,15:48:36,66.8461,51.67574,28.68106,24.06387,28.90762,59.62518,1.996126,0.0025247,9.789581
394,8/29/2023,15:48:54,66.79922,51.69918,28.73184,24.01309,28.86074,59.73191,1.996126,0.0028404,9.829917
395,8/29/2023,15:49:12,66.8461,51.67574,28.65762,24.01309,28.8334,59.62518,1.996126,0.0028404,10.11922
396,8/29/2023,15:49:30,66.78359,51.61324,28.66543,24.0209,28.73965,59.493,1.996126,0.0025247,9.740023
397,8/29/2023,15:49:48,66.74453,51.66793,28.62246,24.02871,28.82559,59.41675,1.996126,0.0025247,9.967226
398,8/29/2023,15:50:06,66.74453,51.64449,28.6459,24.00528,28.79824,59.30998,1.996126,0.0025247,9.925312
399,8/29/2023,15:50:24,66.67422,51.64449,28.67324,23.97793,28.77481,59.46759,1.996126,0.0025247,9.886083
400,8/29/2023,15:50:42,66.72109,51.58199,28.63027,24.01309,28.8334,59.17781,1.996126,0.0025247,9.79648
401,8/29/2023,15:51:00,66.7289,51.55856,28.63027,23.96231,28.73184,59.28456,1.996126,0.0025247,10.0414
402,8/29/2023,15:51:18,66.6664,51.58981,28.58732,24.0209,28.71231,59.23371,1.996126,0.0025247,9.693777
403,8/29/2023,15:51:36,66.71328,51.61324,28.58732,23.99356,28.73965,59.25915,1.996126,0.0025247,9.806512
404,8/29/2023,15:51:54,66.71328,51.56637,28.5131,23.97013,28.73965,59.04566,1.996126,0.0025247,9.919888
405,8/29/2023,15:52:15,66.6664,51.51951,28.56389,23.99356,28.76309,59.04566,1.996126,0.0025247,9.800241
406,8/29/2023,15:52:33,66.72109,51.49606,28.5717,24.05216,28.7709,59.17781,1.996126,0.0025247,9.95305
407,8/29/2023,15:52:51,66.7289,51.58199,28.60293,23.98575,28.70449,59.28456,1.996126,0.0025247,9.775158
408,8/29/2023,15:53:09,66.70547,51.58199,28.57951,23.98575,28.75528,59.25915,1.996126,0.0025247,10.1743
409,8/29/2023,15:53:27,66.75234,51.58199,28.52872,23.98575,28.70449,59.25915,1.995811,0.0022092,9.978901
410,8/29/2023,15:53:45,66.77578,51.55856,28.55217,23.9584,28.67715,59.36082,1.996126,0.0022092,9.95305
411,8/29/2023,15:54:03,66.7289,51.55856,28.45059,23.98575,28.70449,59.28456,1.996126,0.0025247,10.0901
412,8/29/2023,15:54:21,66.70547,51.55856,28.47795,23.98575,28.70449,59.36082,1.996126,0.0025247,9.997447
413,8/29/2023,15:54:39,66.65078,51.54293,28.53653,23.99356,28.63809,59.51842,1.996126,0.0025247,8.041154
414,8/29/2023,15:54:57,66.83047,51.66012,28.48576,23.99356,29.21622,60.14875,1.996126,0.0025247,8.073967
415,8/29/2023,15:55:15,66.88515,51.71481,28.51699,24.00137,29.60293,60.5961,1.996126,0.0025247,8.018987
416,8/29/2023,15:55:33,66.93204,51.76168,28.56778,23.97403,29.77871,60.65208,1.996126,0.0028404,8.004493
417,8/29/2023,15:55:51,66.89297,51.79293,28.62637,23.85293,29.76309,60.62662,1.996126,0.0025247,7.946286
418,8/29/2023,15:56:09,66.9164,51.79293,28.65371,23.72793,29.71231,60.70285,1.996441,0.0025247,7.947566
419,8/29/2023,15:56:27,66.89297,51.74606,28.72793,23.57559,29.63418,60.31147,1.995811,0.0022092,8.019199
420,8/29/2023,15:56:45,66.89297,51.72262,28.80215,23.49749,29.50918,60.04707,1.996126,0.0025247,7.811027
421,8/29/2023,15:57:03,66.82265,51.72262,28.80215,23.49749,29.5834,60.02169,1.996126,0.0025247,8.017495
422,8/29/2023,15:57:21,66.79922,51.65231,28.80215,23.42326,29.48576,59.68108,1.996126,0.0025247,7.938397
423,8/29/2023,15:57:39,66.77578,51.62887,28.8295,23.34903,29.45842,59.85904,1.996126,0.0025247,7.988291
424,8/29/2023,15:57:57,66.78359,51.63668,28.86074,23.38029,29.44278,59.36082,1.996126,0.0025247,7.878782
425,8/29/2023,15:58:15,66.74453,51.59762,28.86856,23.36466,29.39982,59.20833,1.996126,0.0025247,7.931145
426,8/29/2023,15:58:33,66.74453,51.62106,28.86856,23.30997,29.39982,59.41675,1.996126,0.0025247,8.019415
427,8/29/2023,15:58:51,66.74453,51.57418,28.8959,23.30997,29.34903,59.12698,1.996126,0.0025247,7.954391
428,8/29/2023,15:59:09,66.63515,51.51951,28.86856,23.33732,29.34903,59.17781,1.995811,0.0025247,8.08739
429,8/29/2023,15:59:27,66.68203,51.49606,28.86856,23.28653,29.34903,59.07108,1.996126,0.0025247,8.039874
430,8/29/2023,15:59:45,66.65859,51.49606,28.86856,23.30997,29.32169,58.86772,1.996126,0.0025247,7.997459
431,8/29/2023,16:00:03,66.69765,51.50389,28.82559,23.34513,29.30606,58.89314,1.995811,0.0025247,7.911522
432,8/29/2023,16:00:21,66.70547,51.52732,28.80215,23.29435,29.3295,58.9948,1.996126,0.0025247,7.887635
433,8/29/2023,16:00:39,66.61953,51.52732,28.80215,23.267,29.3295,59.09649,1.996126,0.0025247,7.905765
434,8/29/2023,16:00:57,66.61953,51.48044,28.77481,23.31779,29.40763,59.07108,1.996126,0.0025247,7.95631
435,8/29/2023,16:01:15,66.59609,51.48044,28.80215,23.267,29.27872,58.86772,1.996126,0.0028404,8.090796
436,8/29/2023,16:01:33,66.65078,51.48825,28.75918,23.25138,29.28653,58.83213,1.996126,0.0025247,8.11785
437,8/29/2023,16:01:51,66.62734,51.48825,28.73184,23.25138,29.21231,58.73046,1.996126,0.0025247,7.97955
438,8/29/2023,16:02:11,66.69765,51.46482,28.75918,23.30216,29.23965,59.02024,1.996441,0.0025247,7.552989
439,8/29/2023,16:02:29,66.76015,51.48825,28.78262,23.25138,29.33732,59.38623,1.996126,0.0022092,7.760324
440,8/29/2023,16:02:47,66.80703,51.48825,28.73184,23.27482,29.33732,59.28456,1.996126,0.0025247,7.928799
441,8/29/2023,16:03:05,66.87735,51.5117,28.7084,23.25138,29.36466,59.44217,1.996441,0.0025247,7.915789
442,8/29/2023,16:03:23,66.88515,51.51951,28.767,23.25919,29.4467,59.56926,1.996441,0.0025247,7.946286
443,8/29/2023,16:03:41,66.95547,51.51951,28.73965,23.25919,29.47404,59.46759,1.996757,0.0025247,7.821697
444,8/29/2023,16:03:59,66.93204,51.54293,28.73965,23.23185,29.3959,59.30998,1.996441,0.0025247,7.941808
445,8/29/2023,16:04:17,66.88515,51.54293,28.73965,23.23185,29.3959,59.51842,1.996441,0.0025247,8.031137
446,8/29/2023,16:04:35,66.95547,51.51951,28.71621,23.20841,29.42326,59.51842,1.996441,0.0022092,5.777425
447,8/29/2023,16:04:53,67.11954,51.59762,28.79043,23.30997,29.32169,60.57072,1.996757,0.0025247,6.175197
448,8/29/2023,16:05:11,67.23672,51.86325,28.87637,23.34122,30.48965,61.36375,1.996757,0.0025247,6.085852
449,8/29/2023,16:05:29,67.36172,51.94137,28.87637,23.29045,30.74356,61.72976,1.996757,0.0022092,6.068692
450,8/29/2023,16:05:47,67.35392,52.00387,28.99356,23.28263,30.88419,62.01445,1.996757,0.0025247,6.355285
451,8/29/2023,16:06:05,67.40079,52.02731,29.06778,23.23185,30.96231,62.03991,1.996757,0.0025247,6.052495
452,8/29/2023,16:06:23,67.40079,52.00387,29.11857,23.0795,31.03653,61.88733,1.996757,0.0025247,6.045418
453,8/29/2023,16:06:41,67.36172,52.03513,29.22794,22.85684,30.97013,61.70436,1.996757,0.0025247,5.946209
454,8/29/2023,16:06:59,67.29141,51.96481,29.30216,22.77871,30.91934,61.623,1.996757,0.0025247,6.08049
455,8/29/2023,16:07:17,67.24454,51.8945,29.35293,22.64981,30.81778,61.30272,1.996757,0.0025247,5.826106
456,8/29/2023,16:07:35,67.22891,51.92575,29.46231,22.60684,30.84902,61.20103,1.996757,0.0025247,5.856346
457,8/29/2023,16:07:53,67.22891,51.84762,29.43889,22.53263,30.77481,60.88588,1.996757,0.0022092,6.182383
458,8/29/2023,16:08:11,67.18204,51.82419,29.5131,22.42716,30.70059,60.57072,1.996757,0.0025247,5.72103
459,8/29/2023,16:08:29,67.18204,51.80074,29.56389,22.4545,30.64981,60.48937,1.996757,0.0025247,5.905459
460,8/29/2023,16:08:47,67.16641,51.75387,29.56389,22.37637,30.64981,60.38768,1.996757,0.0025247,5.8616
461,8/29/2023,16:09:05,67.14297,51.76168,29.5717,22.38419,30.57951,60.3623,1.996757,0.0025247,6.048848
462,8/29/2023,16:09:23,67.11954,51.73824,29.5717,22.36076,30.73184,60.19959,1.996757,0.0025247,6.128005
463,8/29/2023,16:09:41,67.11954,51.69137,29.5717,22.30997,30.65762,60.04707,1.996757,0.0022092,5.992433
464,8/29/2023,16:09:59,67.15078,51.69918,29.60684,22.3334,30.60684,59.97085,1.996757,0.0025247,5.43124
465,8/29/2023,16:10:17,67.05704,51.67574,29.55606,22.31779,30.58732,59.93527,1.996757,0.0025247,5.96723
466,8/29/2023,16:10:35,67.15078,51.69918,29.60684,22.31779,1.00E-30,59.78275,1.996757,0.0025247,5.892056
467,8/29/2023,16:10:53,67.08047,51.67574,29.63027,22.31779,30.58732,59.85904,1.996757,0.0025247,6.015815
468,8/29/2023,16:11:11,67.0336,51.65231,29.60684,22.29045,30.53653,59.85904,1.996441,0.0025247,5.728427
469,8/29/2023,16:11:29,67.10391,51.67574,29.68106,22.29045,30.53653,59.73191,1.996757,0.0025247,6.184314
470,8/29/2023,16:11:47,67.12734,51.67574,29.63027,22.31779,30.58732,59.65055,1.996441,0.0022092,5.728642
471,8/29/2023,16:12:05,67.10391,51.67574,29.65371,22.31779,30.56389,59.73191,1.996441,0.0025247,6.117171
472,8/29/2023,16:12:23,67.12734,51.65231,29.65371,22.31779,30.53653,59.78275,1.996757,0.0022092,6.0082
473,8/29/2023,16:12:41,67.12734,51.65231,29.63027,22.26309,30.56389,59.68108,1.996441,0.0022092,5.924548
474,8/29/2023,16:12:59,67.08047,51.67574,29.63027,22.26309,30.5131,59.65055,1.996441,0.0022092,5.85227
475,8/29/2023,16:13:17,67.1586,51.73043,29.63809,22.34903,30.62246,59.65055,1.996757,0.0022092,5.789434
476,8/29/2023,16:13:35,67.22891,51.707,29.63809,22.32559,30.67324,59.56926,1.996757,0.0025247,5.869963
477,8/29/2023,16:13:53,67.1586,51.66012,29.63809,22.29825,30.62246,59.62518,1.996757,0.0025247,5.328518
478,8/29/2023,16:14:11,67.1586,51.63668,29.66153,22.27091,30.5717,59.51842,1.996441,0.0025247,5.916721
479,8/29/2023,16:15:03,67.55705,51.97263,29.71231,22.34903,30.6459,62.51765,1.996757,0.0022092,4.287929
480,8/29/2023,16:15:21,67.72109,52.21482,29.79043,22.42716,32.20451,63.14811,1.996757,0.0025247,4.18044
481,8/29/2023,16:15:39,67.69765,52.37889,29.96622,22.42716,32.90762,63.85971,1.996757,0.0025247,4.177194
482,8/29/2023,16:15:57,67.8461,52.45699,30.14981,22.48576,33.142,64.22578,1.996441,0.0022092,4.178204
483,8/29/2023,16:16:15,67.89297,52.53513,30.30216,22.45842,33.29044,64.48498,1.996757,0.0022092,4.114821
484,8/29/2023,16:16:33,67.93984,52.60543,30.52872,22.43497,33.5717,65.0392,1.996441,0.0025247,4.044829
485,8/29/2023,16:16:51,67.93984,52.62887,30.57951,22.3334,33.79824,65.11543,1.996441,0.0025247,4.16991
486,8/29/2023,16:17:09,67.93984,52.62887,30.73184,22.12638,33.74355,64.82559,1.996757,0.0025247,4.082823
487,8/29/2023,16:17:27,67.96328,52.55856,30.90762,21.94668,33.79824,64.69859,1.996757,0.0025247,4.147254
488,8/29/2023,16:17:45,67.96328,52.58199,31.03263,21.87247,33.74355,64.62223,1.996757,0.0025247,4.127208
489,8/29/2023,16:18:03,67.9164,52.55856,31.13418,21.66543,33.74355,64.35797,1.996757,0.0028404,4.117427
490,8/29/2023,16:18:21,67.7289,52.55856,31.18497,21.53653,33.82168,64.03761,1.996757,0.0025247,4.170017
491,8/29/2023,16:18:39,67.77578,52.45699,31.36076,21.35685,33.6498,63.69714,1.996757,0.0025247,4.146351
492,8/29/2023,16:18:57,67.77578,52.48044,31.3881,21.30606,33.67324,63.57001,1.996441,0.0025247,4.351667
493,8/29/2023,16:19:15,67.74453,52.37889,31.50529,21.22403,33.66543,63.14811,1.996757,0.0025247,4.136724
494,8/29/2023,16:19:33,67.62734,52.332,31.50529,21.11857,33.50918,62.75658,1.996441,0.0025247,4.07267
495,8/29/2023,16:19:51,67.6039,52.28513,31.60293,21.09513,33.43888,62.59401,1.996441,0.0025247,4.185118
496,8/29/2023,16:20:09,67.58047,52.26169,31.65371,21.04434,33.43888,62.27871,1.996757,0.0028404,4.340216
497,8/29/2023,16:20:27,67.48673,52.21482,31.68106,21.04434,33.36075,62.17704,1.996757,0.0028404,4.229808
498,8/29/2023,16:20:45,67.48673,52.16012,31.65371,20.99356,33.25919,62.01445,1.996757,0.0028404,4.147627
499,8/29/2023,16:21:03,67.53361,52.13668,31.65371,20.99356,33.25919,62.03991,1.996757,0.0025247,4.371589
500,8/29/2023,16:21:21,67.48673,52.11325,31.70449,20.9584,33.30606,61.75513,1.996757,0.0028404,4.175387
501,8/29/2023,16:21:39,67.54922,52.03513,31.67324,20.93106,33.25138,61.72976,1.996757,0.0025247,4.116257
502,8/29/2023,16:21:57,67.54922,52.10544,31.72403,20.93106,33.25138,61.623,1.996757,0.0028404,4.10015
503,8/29/2023,16:22:15,67.48673,52.13668,31.75528,20.96622,33.28262,61.6789,1.996757,0.0025247,4.047326
504,8/29/2023,16:22:33,67.53361,52.06638,31.68106,20.96622,33.25919,61.70436,1.996757,0.0028404,3.957521
505,8/29/2023,16:22:51,67.46328,52.08981,31.75528,20.91544,33.28262,61.54165,1.996757,0.0028404,4.132206
506,8/29/2023,16:23:09,67.46328,52.04294,31.70449,20.93887,33.33732,61.33829,1.996441,0.0025247,4.129494
507,8/29/2023,16:23:27,67.53361,52.04294,31.77872,20.91544,33.21231,61.33829,1.996757,0.0028404,4.277761
508,8/29/2023,16:23:45,67.44766,51.97263,31.77872,20.80997,33.08731,61.27732,1.996441,0.0025247,4.222358
509,8/29/2023,16:24:03,67.41642,51.99606,31.73184,20.83731,33.21231,60.96217,1.996441,0.0025247,4.203205
510,8/29/2023,16:24:49,67.86954,52.14451,31.71231,21.15372,32.74355,64.85103,1.996441,0.0025247,1.857496
511,8/29/2023,16:25:07,68.36172,52.77731,31.78652,21.15372,32.64199,67.93162,1.996757,0.0025247,1.840944
512,8/29/2023,16:25:25,68.8461,53.32419,32.04043,21.25528,33.07168,71.13438,1.996757,0.0025247,1.946607
513,8/29/2023,16:25:43,69.08047,53.76168,32.29044,21.28263,34.99356,73.3761,1.996441,0.0022092,2.003225
514,8/29/2023,16:26:01,69.36172,54.07418,32.66543,21.28263,37.31388,75.16046,1.996441,0.0025247,2.084726
515,8/29/2023,16:26:19,69.56487,54.43357,33.04043,21.35685,38.47795,76.52769,1.996441,0.0025247,2.029783
516,8/29/2023,16:26:37,69.75234,54.62106,33.47012,21.38419,39.41544,77.89549,1.996441,0.0025247,2.057287
517,8/29/2023,16:26:55,69.98672,54.88668,33.86856,21.46231,40.04043,78.94771,1.996441,0.0025247,2.135602
518,8/29/2023,16:27:13,70.08828,55.08981,34.35293,21.52091,40.61074,80.54897,1.996441,0.0025247,2.048307
519,8/29/2023,16:27:37,70.25235,55.30075,34.85293,21.5717,41.03263,81.15398,1.996441,0.0025247,1.949602
520,8/29/2023,16:27:55,70.3461,55.44918,35.20451,21.5717,41.39982,81.80961,1.996757,0.0025247,2.074448
521,8/29/2023,16:28:13,70.39297,55.51951,35.70449,21.59512,41.74355,82.59745,1.996441,0.0025247,1.959651
522,8/29/2023,16:28:31,70.57267,55.63668,36.10294,21.62246,42.017,83.284,1.996441,0.0025247,2.066008
523,8/29/2023,16:28:49,70.64297,55.75387,36.50137,21.64981,42.26699,83.72642,1.996441,0.0025247,2.236577
524,8/29/2023,16:29:07,70.71328,55.85544,36.7748,21.5717,42.40763,84.07184,1.996441,0.0025247,2.096016
525,8/29/2023,16:29:25,70.76015,55.85544,37.17325,21.52091,42.61074,84.43804,1.996441,0.0022092,2.101325
526,8/29/2023,16:29:43,70.76015,55.97263,37.54044,21.41934,42.78262,84.72749,1.996757,0.0025247,2.144181
527,8/29/2023,16:30:01,70.87735,55.97263,37.74355,21.31388,42.89981,84.72749,1.996757,0.0025247,1.977996
528,8/29/2023,16:30:19,70.7914,56.00387,38.09513,21.16934,42.98574,85.0681,1.996441,0.0025247,1.871164
529,8/29/2023,16:30:37,70.90079,56.0195,38.31388,20.98184,43.10294,85.25146,1.996441,0.0025247,1.952858
530,8/29/2023,16:30:55,70.8539,56.09762,38.63418,20.90371,43.25138,85.46467,1.996441,0.0025247,2.072325
531,8/29/2023,16:31:13,70.93984,56.10544,38.85293,20.68887,43.36075,85.5409,1.996757,0.0025247,2.031568
532,8/29/2023,16:31:31,70.92422,56.14451,39.12637,20.54436,43.47012,85.40871,1.996441,0.0025247,1.892215
533,8/29/2023,16:31:49,70.94766,56.09762,39.39982,20.43889,43.59512,85.49026,1.996757,0.0025247,1.784384
534,8/29/2023,16:32:07,70.87735,56.04294,39.5717,20.23185,43.66543,85.46467,1.996441,0.0025247,1.886203
535,8/29/2023,16:32:25,70.8539,56.09762,39.84512,20.0795,43.74355,85.22587,1.996757,0.0022092,1.812521
536,8/29/2023,16:32:43,70.8539,56.06638,40.017,19.95059,43.79043,85.09367,1.996757,0.0025247,2.029964
537,8/29/2023,16:33:01,70.8539,56.06638,40.142,19.87247,43.86856,85.11927,1.996757,0.0025247,1.981384
538,8/29/2023,16:33:19,70.83047,56.06638,40.31388,19.79434,43.86856,84.9668,1.996441,0.0025247,1.929228
539,8/29/2023,16:33:37,70.87735,55.99606,40.46231,19.69278,43.89199,84.67685,1.996441,0.0025247,1.803774
540,8/29/2023,16:33:55,70.83047,55.97263,40.61074,19.61465,43.89199,84.41245,1.996757,0.0022092,1.9252
541,8/29/2023,16:34:13,70.78359,56.0195,40.79043,19.5131,43.91544,84.43804,1.996757,0.0025247,1.771482
542,8/29/2023,16:36:51,73.86954,58.14451,45.36075,21.57559,33.88419,110.0389,1.996757,0.0025247,0.9803763
543,8/29/2023,16:37:09,75.4086,59.83199,52.40763,23.11075,32.89199,126.2039,1.996757,0.0025247,0.9803763
544,8/29/2023,16:37:27,77.0336,61.69918,56.29044,24.0209,32.5717,135.2177,1.996757,0.0025247,0.9803763
545,8/29/2023,16:37:45,73.76015,61.957,55.85293,18.15762,41.68105,96.81631,1.996757,0.0022092,12.29956
546,8/29/2023,16:38:03,58.25919,54.66793,49.55606,16.88809,29.08731,58.7813,1.99013,0.0025247,12.16125
547,8/29/2023,16:38:21,52.70449,50.66012,45.81387,16.52483,24.19278,41.43761,1.99013,0.0022092,11.87601
0,8/31/2023,13:30:52,56.65762,23.81247,22.43107,22.17715,22.25919,1.902472,2.005594,0.0006312,0.9803763
1,8/31/2023,13:31:10,57.28262,27.42965,22.54044,22.23575,22.25919,4.322485,2.005594,0.0006312,10.81796
2,8/31/2023,13:31:28,58.29825,31.48825,23.09513,23.017,23.24747,9.685394,2.005594,0.0006312,12.46296
3,8/31/2023,13:31:46,57.54825,34.80074,22.21622,13.49357,20.17715,6.136949,2.005278,0.0006312,12.08821
4,8/31/2023,13:32:04,57.22794,35.25388,20.92324,11.16934,12.33732,6.899729,2.004962,0.0006312,12.15528
5,8/31/2023,13:32:22,59.11074,38.7695,20.38029,17.13418,15.50918,16.65012,2.004648,0.0003156,12.3939
6,8/31/2023,13:32:40,60.27481,40.79293,20.3881,18.62637,18.11465,22.03811,2.004648,0.0006312,11.88463
7,8/31/2023,13:32:58,61.29825,42.65231,20.56389,19.52091,19.97793,29.94843,2.004648,0.0006312,12.21489
8,8/31/2023,13:33:16,62.11074,44.12106,20.67324,19.85684,20.47012,31.97186,2.004331,0.0006312,12.39311
9,8/31/2023,13:33:34,62.71231,45.09762,20.93496,20.17325,21.267,35.51978,2.004331,0.0006312,12.31481
10,8/31/2023,13:33:52,63.16544,45.37889,21.18106,20.49357,21.97013,37.62423,2.004014,0.0009468,12.04395
11,8/31/2023,13:34:10,63.50918,46.19919,21.45059,20.76309,22.54436,39.33315,2.004331,0.0006312,12.17576
12,8/31/2023,13:34:28,63.78359,46.64449,21.66934,20.9584,23.11857,41.17321,2.004331,0.0006312,11.95148
13,8/31/2023,13:34:46,63.89297,47.02731,21.93887,21.04824,23.46231,41.85443,2.004014,0.0006312,12.26945
14,8/31/2023,13:35:04,64.0961,47.18356,22.0834,21.06387,23.65762,42.53993,2.004014,0.0009468,12.46256
15,8/31/2023,13:35:22,64.15078,47.66012,22.16934,21.12247,23.84122,43.0943,2.003699,0.0009468,12.11907
16,8/31/2023,13:35:40,64.30704,47.87106,22.33732,21.11465,23.90762,43.61774,2.004014,0.0009468,12.13659
17,8/31/2023,13:35:58,64.40079,47.98824,22.46231,21.1381,24.0834,44.2478,2.003699,0.0012624,12.38857
18,8/31/2023,13:36:16,64.45547,48.16794,22.49357,21.15372,24.14981,44.69556,2.004014,0.0009468,12.30352
19,8/31/2023,13:36:34,64.54141,48.25388,22.61074,21.16934,24.267,44.93435,2.003699,0.0009468,12.23057
20,8/31/2023,13:36:52,64.61953,48.36326,22.72793,21.18497,24.31388,45.30109,2.003699,0.0009468,12.15687
21,8/31/2023,13:37:10,64.59609,48.55856,22.88028,21.12247,24.37247,45.43755,2.003699,0.0009468,12.22025
22,8/31/2023,13:37:28,64.61172,48.54293,22.93887,21.15762,24.38029,45.48872,2.003384,0.0009468,11.58117
23,8/31/2023,13:37:46,64.6664,48.55856,23.05216,21.14591,24.43107,45.59106,2.003699,0.0012624,12.3251
24,8/31/2023,13:38:04,64.68203,48.62106,23.06778,21.11075,24.43889,45.8,2.003384,0.0009468,12.14832
25,8/31/2023,13:38:22,64.68984,48.66793,23.27091,21.16154,24.48576,46.01323,2.003384,0.0012624,12.16204
26,8/31/2023,13:38:40,64.68203,48.82419,23.33732,21.17715,24.52872,45.82987,2.003384,0.0009468,12.44758
27,8/31/2023,13:38:58,64.73672,48.7695,23.42716,21.24356,24.59512,46.11343,2.003069,0.0009468,11.90486
28,8/31/2023,13:39:16,64.71328,48.83199,23.54436,21.18106,24.5834,46.22005,2.002754,0.0009468,12.01382
29,8/31/2023,13:39:34,64.82265,48.84762,23.58732,21.19669,24.59904,46.24564,2.002754,0.0009468,12.28074
30,8/31/2023,13:39:52,64.81485,48.91793,23.70449,21.23965,24.64199,46.37783,2.002754,0.0012624,12.00244
31,8/31/2023,13:40:10,64.83047,48.98043,23.74356,21.25528,24.68106,46.54202,2.002754,0.0012624,12.54485
32,8/31/2023,13:40:28,64.89297,49.04294,23.86074,21.27091,24.74746,46.66781,2.002754,0.0012624,12.32134
33,8/31/2023,13:40:46,64.79922,49.04294,23.88419,21.267,24.7709,46.85117,2.002754,0.0009468,12.31461
34,8/31/2023,13:41:04,64.76797,49.12888,23.89981,21.25919,24.78653,46.93219,2.002439,0.0012624,11.42463
35,8/31/2023,13:41:22,64.83047,49.02731,24.017,21.29825,24.75137,47.00896,2.002439,0.001578,12.23772
36,8/31/2023,13:41:40,64.80703,49.16794,24.0756,21.25528,24.86074,47.11555,2.002439,0.0012624,12.31204
37,8/31/2023,13:41:58,64.82265,49.13668,24.13028,21.31388,24.84122,47.24349,2.002439,0.0012624,12.30729
38,8/31/2023,13:42:16,64.89297,49.25388,24.23185,21.30997,24.89199,47.43113,2.002122,0.0012624,12.32965
39,8/31/2023,13:42:34,64.94766,49.22263,24.22012,21.27482,24.90762,47.32451,2.002439,0.0012624,12.48956
40,8/31/2023,13:42:52,65.0414,49.28513,24.26309,21.31779,24.8959,47.55692,2.002439,0.0012624,11.85898
41,8/31/2023,13:43:10,64.97891,49.30075,24.3295,21.25528,24.93887,47.60809,2.002122,0.0012624,12.03457
42,8/31/2023,13:43:28,64.9164,49.25388,24.37637,21.3295,24.96231,47.66993,2.002122,0.0012624,11.89865
43,8/31/2023,13:43:46,65.00235,49.36326,24.41934,21.34513,25.00137,47.69551,2.002122,0.0012624,12.14395
44,8/31/2023,13:44:04,65.01797,49.30856,24.43497,21.3881,24.99356,47.79785,2.002122,0.0012624,12.11669
45,8/31/2023,13:44:22,65.01797,49.37889,24.50918,21.25528,24.97403,47.90871,2.002122,0.0012624,12.21251
46,8/31/2023,13:44:40,65.15078,49.37107,24.52483,21.34903,25.00528,47.90871,2.001805,0.0009468,11.8682
47,8/31/2023,13:44:58,65.0961,49.41795,24.52091,21.29435,25.05606,47.8213,2.001805,0.0012624,11.91827
48,8/31/2023,13:45:16,65.04922,49.43357,24.58732,21.30997,25.0209,47.98548,2.001805,0.0012624,12.34014
49,8/31/2023,13:45:34,65.12734,49.44918,24.57951,21.30216,25.03653,48.11128,2.001805,0.001578,11.79799
50,8/31/2023,13:45:52,65.20547,49.44918,24.67715,21.39982,25.00918,48.03666,2.001805,0.0012624,12.26568
51,8/31/2023,13:46:10,65.16641,49.47263,24.67715,21.32169,25.0834,48.03666,2.001805,0.0012624,12.27638
52,8/31/2023,13:46:28,65.12734,49.48825,24.69278,21.28653,25.09903,48.21789,2.001491,0.0012624,12.31719
53,8/31/2023,13:46:46,65.11173,49.49606,24.73184,21.30216,25.06387,48.35008,2.001491,0.0012624,12.2962
54,8/31/2023,13:47:04,65.21329,49.52732,24.73184,21.40372,25.11075,48.16245,2.001491,0.0012624,12.46197
55,8/31/2023,13:47:22,65.13517,49.54293,24.7709,21.34122,25.15372,48.24347,2.001491,0.001578,12.19245
56,8/31/2023,13:47:40,65.22111,49.53513,24.81387,21.30606,25.09121,48.21789,2.001174,0.0012624,12.28154
57,8/31/2023,13:47:58,65.0336,49.55856,24.83731,21.38029,25.11465,48.30104,2.001491,0.0012624,12.23077
58,8/31/2023,13:48:16,65.07266,49.55074,24.82559,21.37247,25.15762,48.30104,2.001174,0.001578,12.10195
59,8/31/2023,13:48:34,65.20547,49.56637,24.84122,21.33732,25.14591,48.40126,2.001174,0.0012624,12.09837
60,8/31/2023,13:48:52,65.22891,49.61324,24.91544,21.36076,25.16934,48.48227,2.001174,0.001578,12.39884
61,8/31/2023,13:49:10,65.22111,49.67574,24.88028,21.34903,25.16154,48.61021,2.001491,0.001578,12.38758
62,8/31/2023,13:49:28,65.29141,49.60543,24.90371,21.39982,25.15762,48.72108,2.001174,0.001578,12.12823
63,8/31/2023,13:49:46,65.24454,49.62887,24.9545,21.37247,25.23185,48.66139,2.001174,0.001578,12.18788
64,8/31/2023,13:50:04,65.18985,49.64449,24.94278,21.33732,25.24747,48.74665,2.001174,0.001578,12.00244
65,8/31/2023,13:50:22,65.3461,49.66012,25.00918,21.37637,25.21231,48.79782,2.001174,0.001578,12.39746
66,8/31/2023,13:50:40,65.32266,49.63668,25.00918,21.42716,25.16934,48.82342,2.001174,0.001578,12.44324
67,8/31/2023,13:50:58,65.55705,49.68356,25.03263,21.50138,25.28653,48.849,2.001174,0.001578,12.35853
68,8/31/2023,13:51:52,65.40079,49.69137,25.03653,21.40372,25.31388,49.03663,2.001174,0.001578,12.14693
69,8/31/2023,13:52:10,65.4086,49.707,25.02481,21.392,25.27872,49.29676,2.000859,0.001578,10.41315
70,8/31/2023,13:52:28,65.54922,49.81637,25.06778,21.48576,25.72403,49.66349,2.000859,0.001578,10.26979
71,8/31/2023,13:52:46,65.54141,49.85544,25.0834,21.47404,25.89199,49.92789,2.000859,0.001578,10.53198
72,8/31/2023,13:53:04,65.53361,49.94137,25.15762,21.37247,26.01309,49.97691,2.000859,0.001578,10.6349
73,8/31/2023,13:53:22,65.51015,49.87106,25.19669,21.28263,25.9545,49.87672,2.000859,0.001578,10.28762
74,8/31/2023,13:53:40,65.55705,49.87106,25.22012,21.18106,25.85293,49.87672,2.000859,0.0018936,10.47394
75,8/31/2023,13:53:58,65.50235,49.86325,25.23575,21.11857,25.89199,49.7701,2.000544,0.001578,9.811319
76,8/31/2023,13:54:16,65.50235,49.88668,25.30997,21.11857,25.94278,49.66349,2.000544,0.001578,10.23307
77,8/31/2023,13:54:34,65.44766,49.85544,25.35293,21.10684,25.88028,49.42895,2.000544,0.0018936,10.3469
78,8/31/2023,13:54:52,65.39297,49.87106,25.34122,21.17325,25.77481,49.45455,2.000544,0.0018936,10.4541
79,8/31/2023,13:55:10,65.50235,49.83199,25.35685,21.08731,25.79043,49.45455,2.000544,0.0018936,10.47745
80,8/31/2023,13:55:28,65.54922,49.83199,25.38029,21.11857,25.86856,49.45455,2.000544,0.0018936,9.682682
81,8/31/2023,13:55:46,65.45547,49.80856,25.38029,21.18497,25.80997,49.63791,2.000544,0.0018936,9.730191
82,8/31/2023,13:56:04,65.63515,49.82419,25.3959,21.12638,25.87637,49.58674,2.000544,0.0018936,10.46898
83,8/31/2023,13:56:22,65.43986,49.88668,25.43497,21.16544,25.81778,49.50572,2.000544,0.0018936,10.25921
84,8/31/2023,13:56:40,65.50235,49.87888,25.37637,21.10684,25.86465,49.50572,2.000229,0.0018936,10.17804
85,8/31/2023,13:56:58,65.54141,49.82419,25.44278,21.19669,25.87247,49.45455,2.000229,0.0018936,10.54726
86,8/31/2023,13:57:16,65.51015,49.88668,25.45842,21.16934,25.87247,49.48013,2.000229,0.0018936,10.31312
87,8/31/2023,13:57:34,65.48673,49.86325,25.4545,21.13418,25.80997,49.5313,2.000229,0.0018936,10.28306
88,8/31/2023,13:57:52,65.56487,49.85544,25.49749,21.12638,25.85293,49.40338,2.000229,0.0018936,9.791256
89,8/31/2023,13:58:10,65.46328,49.88668,25.4545,21.0834,25.94278,49.63791,2.000229,0.0018936,9.811527
90,8/31/2023,13:58:28,65.51015,49.93356,25.50138,21.10684,25.8334,49.40338,2.000229,0.0018936,10.53776
91,8/31/2023,13:58:46,65.45547,49.90231,25.54436,21.09513,25.79824,49.32236,2.000229,0.0018936,9.792927
92,8/31/2023,13:59:04,65.48673,49.88668,25.50138,21.10294,25.85684,49.3522,2.000229,0.0018936,10.35622
93,8/31/2023,13:59:22,65.46328,49.86325,25.52483,21.11075,25.86074,49.5313,1.999912,0.0018936,10.2121
94,8/31/2023,13:59:40,65.43204,49.90231,25.54044,21.19278,25.8959,49.42895,1.999912,0.0018936,10.19113
95,8/31/2023,13:59:58,65.54141,49.91793,25.52872,21.15762,25.88419,49.61232,1.999912,0.0018936,10.0851
96,8/31/2023,14:00:16,65.53361,49.91013,25.5717,21.12247,25.95059,49.45455,1.999912,0.0018936,10.28037
97,8/31/2023,14:00:34,65.52579,49.84762,25.53653,21.1381,25.86465,49.48013,1.999912,0.0018936,10.06866
98,8/31/2023,14:00:52,65.35392,49.86325,25.60293,21.15372,25.77871,49.32236,1.999912,0.0018936,10.20192
99,8/31/2023,14:01:10,65.43204,49.87888,25.56778,21.09513,25.7709,49.42895,1.999912,0.0018936,10.04972
100,8/31/2023,14:01:28,65.49454,49.91793,25.54825,21.0756,25.85293,49.32236,1.999912,0.0018936,10.36823
101,8/31/2023,14:01:46,65.51015,49.87888,25.5131,21.09121,25.767,49.37778,1.999912,0.0018936,10.38955
102,8/31/2023,14:02:04,65.4086,49.87106,25.57951,21.18497,25.80997,49.50572,1.999597,0.0022092,9.551082
103,8/31/2023,14:02:22,65.44766,49.93356,25.59512,21.09903,25.92716,49.45455,1.999597,0.0022092,10.25361
104,8/31/2023,14:02:40,65.48673,49.90231,25.58732,21.08731,25.91544,49.56114,1.999597,0.0022092,10.51216
105,8/31/2023,14:02:58,65.50235,49.91793,25.60293,21.10294,25.93106,49.42895,1.999597,0.0018936,10.10216
106,8/31/2023,14:03:16,65.47112,49.91013,25.56778,21.017,25.82168,49.42895,1.999597,0.0022092,10.27892
107,8/31/2023,14:03:34,65.51015,49.87888,25.60684,21.00918,25.78653,49.48013,1.999597,0.0022092,10.2229
108,8/31/2023,14:03:52,65.45547,49.8945,25.5717,21.09903,25.77481,49.40338,1.999597,0.0022092,10.48118
109,8/31/2023,14:04:10,65.54922,49.87106,25.59512,21.0209,25.72403,49.37778,1.999597,0.0022092,10.41687
110,8/31/2023,14:04:28,65.48673,49.90231,25.63809,21.03653,25.86465,49.3522,1.999282,0.0022092,10.32887
111,8/31/2023,14:04:46,65.52579,49.84762,25.61856,21.04434,25.74746,49.29676,1.999282,0.0022092,10.3326
112,8/31/2023,14:05:04,65.38516,49.84762,25.61856,21.06778,25.72012,49.13898,1.999597,0.0022092,10.29882
113,8/31/2023,14:05:22,65.47112,49.88668,25.5834,21.03263,25.78653,49.45455,1.999597,0.0022092,10.43859
114,8/31/2023,14:05:40,65.51015,49.90231,25.54825,21.04824,25.77481,49.45455,1.999597,0.0022092,10.56129
115,8/31/2023,14:05:58,65.49454,49.93356,25.60684,21.02871,25.7084,49.37778,1.999597,0.0022092,10.37444
116,8/31/2023,14:06:16,65.49454,49.88668,25.57951,21.02871,25.78262,49.42895,1.999282,0.0022092,9.90883
117,8/31/2023,14:06:34,65.52579,49.91793,25.59512,21.14591,25.84902,49.40338,1.999282,0.0022092,10.1878
118,8/31/2023,14:06:52,65.47892,49.88668,25.5834,21.13418,25.81387,49.45455,1.999282,0.0022092,8.91694
119,8/31/2023,14:07:10,65.47112,49.93356,25.64981,21.0756,25.75137,49.3522,1.999597,0.0022092,10.07928
120,8/31/2023,14:07:28,65.58047,49.8945,25.64199,21.06387,25.767,49.45455,1.999282,0.0025247,10.29011
121,8/31/2023,14:09:07,65.83047,50.19919,25.72793,21.25138,26.93887,51.05581,1.999597,0.0022092,7.605245
122,8/31/2023,14:09:25,65.8461,50.26169,25.81778,21.11465,27.0834,51.21784,1.999282,0.0022092,8.075459
123,8/31/2023,14:09:43,65.86172,50.25388,25.8334,21.02871,27.12247,51.21784,1.999597,0.0025247,8.177683
124,8/31/2023,14:10:01,65.83047,50.24606,25.84902,20.96622,27.01309,51.1624,1.999597,0.0022092,7.578532
125,8/31/2023,14:10:19,65.86954,50.26169,25.94278,20.88028,26.95059,50.95346,1.999282,0.0022092,8.211316
126,8/31/2023,14:10:37,65.88515,50.207,25.93106,20.84512,26.81778,50.95346,1.999282,0.0025247,8.096761
127,8/31/2023,14:10:55,65.8461,50.21482,26.017,20.82559,26.89981,50.71465,1.999282,0.0025247,8.16427
128,8/31/2023,14:11:13,65.74453,50.16012,26.01309,20.79824,26.87247,50.68906,1.999282,0.0022092,8.073967
129,8/31/2023,14:11:31,65.78359,50.17575,26.04824,20.80606,26.8295,50.71465,1.999282,0.0025247,8.179385
130,8/31/2023,14:11:49,65.75234,50.13668,26.08731,20.84902,26.84512,50.58247,1.999282,0.0025247,8.248981
131,8/31/2023,14:12:07,65.7914,50.207,26.0795,20.93887,26.83731,50.60804,1.999282,0.0025247,7.546896
132,8/31/2023,14:12:25,65.77578,50.16012,26.14591,20.93106,26.9545,50.63789,1.999282,0.0025247,8.120195
133,8/31/2023,14:12:43,65.81485,50.17575,26.12638,20.91153,26.96231,50.74023,1.999282,0.0022092,8.131904
134,8/31/2023,14:13:01,65.78359,50.16794,26.16934,20.9545,26.92716,50.71465,1.999282,0.0025247,8.335335
135,8/31/2023,14:13:19,65.7914,50.17575,26.14981,20.98575,26.93496,50.68906,1.999282,0.0025247,8.287273
136,8/31/2023,14:13:37,65.76015,50.16794,26.16544,21.05606,26.97403,50.74023,1.998966,0.0025247,8.278976
137,8/31/2023,14:13:55,65.79922,50.207,26.20841,21.04434,26.98965,50.79567,1.999282,0.0022092,8.24196
138,8/31/2023,14:14:13,65.86172,50.19919,26.24747,21.1381,26.90371,51.00463,1.998966,0.0025247,8.237276
139,8/31/2023,14:14:31,65.92422,50.23825,26.18888,21.12638,27.07168,50.97903,1.998966,0.0025247,8.221956
140,8/31/2023,14:14:49,65.95547,50.2695,26.24747,21.13418,27.0795,50.89802,1.998966,0.0022092,8.334059
141,8/31/2023,14:15:07,65.79922,50.207,26.28653,21.09903,27.0209,51.08138,1.999282,0.0025247,7.908323
142,8/31/2023,14:15:25,65.76797,50.24606,26.29435,21.18497,27.0795,51.21784,1.998966,0.0025247,8.686223
143,8/31/2023,14:15:43,65.8539,50.26169,26.30997,21.27482,27.11857,51.29461,1.998966,0.0025247,8.042006
144,8/31/2023,14:16:01,65.88515,50.29293,26.30216,21.31779,27.13418,51.29461,1.998966,0.0025247,8.078016
145,8/31/2023,14:16:19,65.90079,50.28513,26.3334,21.29825,27.142,51.48224,1.998966,0.0025247,8.710802
146,8/31/2023,14:16:37,65.92422,50.36326,26.36076,21.40372,27.25138,51.58458,1.998966,0.0025247,8.277064
147,8/31/2023,14:16:55,65.96328,50.32419,26.37637,21.41934,27.23185,51.55899,1.998966,0.0028404,8.304713
148,8/31/2023,14:17:13,65.90079,50.3867,26.38419,21.47795,27.23965,51.71038,1.998966,0.0025247,8.161716
149,8/31/2023,14:17:31,65.97891,50.36326,26.44278,21.50918,27.29825,51.79779,1.998966,0.0025247,8.286635
150,8/31/2023,14:17:49,65.93984,50.34763,26.42326,21.51699,27.3334,51.84896,1.998966,0.0028404,7.941169
151,8/31/2023,14:18:07,66.11173,50.37889,26.43107,21.52483,27.44278,51.87454,1.998966,0.0025247,8.190882
152,8/31/2023,14:18:25,65.95547,50.41795,26.43889,21.5834,27.39982,51.90014,1.998651,0.0025247,8.155754
153,8/31/2023,14:18:43,66.08047,50.44918,26.52483,21.56778,27.40763,51.97476,1.998966,0.0028404,8.347448
154,8/31/2023,14:19:01,66.11954,50.46482,26.5131,21.60684,27.4467,52.21357,1.998966,0.0028404,7.271907
155,8/31/2023,14:19:19,66.08047,50.49606,26.5717,21.74356,27.48184,52.29673,1.998966,0.0025247,8.177258
156,8/31/2023,14:19:37,66.13517,50.45699,26.55606,21.75137,27.56389,52.39693,1.998966,0.0025247,8.223872
157,8/31/2023,14:19:55,66.07266,50.53513,26.58732,21.75918,27.5717,52.37135,1.998651,0.0025247,8.343835
158,8/31/2023,14:20:13,66.05704,50.54293,26.67324,21.79434,27.63809,52.61016,1.998651,0.0028404,8.128071
159,8/31/2023,14:20:31,66.1586,50.53513,26.68887,21.80997,27.74746,52.76365,1.998966,0.0028404,8.075246
160,8/31/2023,14:20:49,66.11954,50.60543,26.71231,21.91153,27.69668,52.78925,1.998966,0.0028404,8.095057
161,8/31/2023,14:21:07,66.20547,50.64449,26.72793,21.92716,27.83731,53.05363,1.998966,0.0028404,8.187688
162,8/31/2023,14:21:25,66.13517,50.59762,26.77871,21.87637,27.81387,53.10907,1.998651,0.0025247,8.198971
163,8/31/2023,14:21:43,66.16641,50.62887,26.81387,22.01309,27.82168,53.13467,1.998651,0.0025247,8.236215
164,8/31/2023,14:22:01,66.24454,50.66012,26.79434,21.94278,27.8295,53.21142,1.998651,0.0028404,8.160011
165,8/31/2023,14:22:41,66.26798,50.707,26.86856,22.04434,27.85293,53.57602,1.998651,0.0025247,6.459427
166,8/31/2023,14:22:59,66.43986,50.73824,26.92716,22.09903,27.93496,54.50137,1.998651,0.0025247,6.260469
167,8/31/2023,14:23:17,66.47112,50.98824,26.98575,22.20841,28.84902,55.34572,1.998651,0.0025247,6.361617
168,8/31/2023,14:23:35,66.61953,51.04294,27.07168,22.142,29.11075,55.3969,1.998651,0.0028404,6.291468
169,8/31/2023,14:23:53,66.67422,51.09762,27.12638,22.14981,29.27091,55.89581,1.998966,0.0028404,6.121572
170,8/31/2023,14:24:11,66.65859,51.16012,27.25919,22.05606,29.38029,55.89581,1.998966,0.0025247,6.240733
171,8/31/2023,14:24:29,66.78359,51.22263,27.37637,22.04434,29.34513,55.97043,1.998651,0.0025247,6.118996
172,8/31/2023,14:24:47,66.63515,51.23045,27.43497,21.87637,29.4545,56.07278,1.998651,0.0025247,6.088641
173,8/31/2023,14:25:05,66.54922,51.21482,27.46623,21.77871,29.43497,55.89581,1.998334,0.0025247,6.156534
174,8/31/2023,14:25:23,66.72109,51.12106,27.55217,21.78653,29.36856,55.58026,1.998651,0.0028404,6.428647
175,8/31/2023,14:25:41,66.58829,51.082,27.63418,21.69278,29.24747,55.49924,1.998334,0.0025247,6.461572
176,8/31/2023,14:25:59,66.64297,51.12106,27.70059,21.60684,29.18888,55.26043,1.998334,0.0028404,5.291144
177,8/31/2023,14:26:17,66.61172,51.082,27.73574,21.63809,29.17325,55.23484,1.998334,0.0028404,6.194075
178,8/31/2023,14:26:35,66.56487,51.082,27.80997,21.61465,29.22012,55.3713,1.998334,0.0025247,6.210057
179,8/31/2023,14:26:53,66.54922,51.04294,27.79043,21.62246,29.20451,55.08132,1.998334,0.0025247,6.252748
180,8/31/2023,14:27:11,66.62734,51.02731,27.84902,21.63027,29.21231,54.97046,1.998334,0.0028404,6.174768
181,8/31/2023,14:27:29,66.47112,51.03513,27.93496,21.71621,29.16934,54.94486,1.998334,0.0025247,6.208984
182,8/31/2023,14:27:47,66.57267,51.0195,27.94278,21.66934,29.17715,55.03015,1.998019,0.0025247,6.658133
183,8/31/2023,14:28:05,66.53361,51.05075,27.92324,21.65371,29.18497,55.08132,1.998334,0.0025247,6.473156
184,8/31/2023,14:28:23,66.51015,50.98043,28.02481,21.66153,29.16934,54.97046,1.998019,0.0028404,6.533641
185,8/31/2023,14:28:41,66.45547,51.04294,27.98965,21.69278,29.22794,54.97046,1.998334,0.0028404,6.230115
186,8/31/2023,14:28:59,66.43204,51.06638,28.06778,21.66934,29.17715,55.10692,1.998334,0.0028404,6.674002
187,8/31/2023,14:29:17,66.55705,50.97263,28.03263,21.73574,29.21622,54.97046,1.998019,0.0028404,6.455995
188,8/31/2023,14:29:35,66.63515,51.01168,28.0834,21.7084,29.19278,54.94486,1.998019,0.0028404,6.372234
189,8/31/2023,14:29:53,66.50235,51.0195,28.09121,21.7709,29.29825,55.10692,1.998019,0.0028404,6.040697
190,8/31/2023,14:30:11,66.6039,51.05075,28.14591,21.77871,29.28263,55.08132,1.998334,0.0025247,6.266584
191,8/31/2023,14:30:29,66.55705,51.09762,28.14591,21.8295,29.25919,55.18367,1.998334,0.0025247,5.413991
192,8/31/2023,14:30:47,66.54922,51.04294,28.16154,21.86856,29.29825,55.10692,1.998019,0.0028404,6.303697
193,8/31/2023,14:31:05,66.68984,51.06638,28.1381,21.767,29.29825,55.10692,1.998334,0.0028404,6.250816
194,8/31/2023,14:31:23,66.62734,51.09762,28.14591,21.82559,29.30606,55.34572,1.998334,0.0028404,6.192144
195,8/31/2023,14:31:41,66.65859,51.15231,28.22794,21.8334,29.31388,55.3969,1.998019,0.0028404,6.495248
196,8/31/2023,14:31:59,66.68984,51.08981,28.18497,21.86856,29.42326,55.47364,1.998334,0.0028404,6.339304
197,8/31/2023,14:32:17,66.65078,51.12106,28.22012,21.82559,29.38029,55.52481,1.998334,0.0028404,6.0363
198,8/31/2023,14:32:35,66.68203,51.10544,28.27872,21.98575,29.43889,55.52481,1.998334,0.0028404,5.879079
199,8/31/2023,14:32:53,66.6664,51.16012,28.30997,21.96622,29.47012,55.63143,1.998334,0.0028404,6.160073
200,8/31/2023,14:33:11,66.62734,51.16794,28.267,21.97403,29.47795,55.68046,1.998334,0.0028404,6.307127
201,8/31/2023,14:33:29,66.68203,51.12888,28.32559,21.90762,29.53653,55.54827,1.998334,0.0028404,6.256072
202,8/31/2023,14:33:47,66.80703,51.13668,28.36076,21.88809,29.49357,55.71245,1.998334,0.0028404,6.133263
203,8/31/2023,14:34:05,66.6664,51.18356,28.36076,21.86465,29.49357,55.60583,1.998019,0.0028404,6.201476
204,8/31/2023,14:34:23,66.67422,51.16794,28.34122,21.8959,29.55217,55.73803,1.998019,0.0028404,6.296723
205,8/31/2023,14:34:41,66.68203,51.19919,28.42716,21.9545,29.50918,55.84464,1.998334,0.0028404,6.002409
206,8/31/2023,14:34:59,66.68984,51.18356,28.40763,22.04044,29.51699,55.68046,1.998334,0.0028404,6.291468
207,8/31/2023,14:35:17,66.80703,51.18356,28.38419,21.98965,29.49357,55.87024,1.998334,0.0028404,6.029651
208,8/31/2023,14:35:35,66.70547,51.17575,28.42326,21.9545,29.61074,55.91926,1.998019,0.0028404,6.097866
209,8/31/2023,14:35:53,66.61172,51.19919,28.50138,22.00528,29.5834,55.89581,1.998019,0.0028404,5.792651
210,8/31/2023,14:36:11,66.6664,51.23045,28.54044,22.09513,29.59904,55.99603,1.998019,0.0028404,6.018711
211,8/31/2023,14:36:29,66.74453,51.23825,28.48965,22.04434,29.59904,56.10262,1.998019,0.0028404,6.13712
212,8/31/2023,14:36:47,66.72109,51.21482,28.48965,22.0209,29.59904,56.13461,1.998019,0.0028404,6.120711
213,8/31/2023,14:37:05,66.76797,51.26169,28.48965,22.04434,29.72793,56.13461,1.998019,0.0028404,6.167152
214,8/31/2023,14:37:23,66.75234,51.22263,28.54825,22.05216,29.73574,55.87024,1.998019,0.0028404,6.075342
215,8/31/2023,14:38:49,67.20547,51.61324,28.68106,22.23965,30.34903,59.15239,1.998019,0.0028404,4.446504
216,8/31/2023,14:39:07,67.29922,51.85544,28.78262,22.23965,31.60293,59.97085,1.998019,0.0028404,4.125134
217,8/31/2023,14:39:25,67.40079,52.00387,28.96622,22.22403,32.08731,60.46397,1.997702,0.0028404,4.189533
218,8/31/2023,14:39:43,67.43204,52.08981,29.15372,22.28263,32.42326,61.07397,1.997702,0.0028404,4.276377
219,8/31/2023,14:40:01,67.35392,52.13668,29.30216,22.35685,32.52482,61.25187,1.997702,0.0028404,4.265836
220,8/31/2023,14:40:19,67.43204,52.19138,29.48576,22.18888,32.70449,61.59755,1.997702,0.0028404,4.247421
221,8/31/2023,14:40:37,67.45547,52.19138,29.61465,22.13418,32.75918,61.59755,1.997702,0.0028404,4.013327
222,8/31/2023,14:40:55,67.62734,52.2695,29.77481,21.93887,32.89199,61.59755,1.997702,0.0028404,4.377181
223,8/31/2023,14:41:13,67.54141,52.25388,29.90762,21.767,32.97012,61.43998,1.998019,0.0028404,4.099298
224,8/31/2023,14:41:31,67.49454,52.18356,30.0834,21.56389,32.97012,61.30272,1.998019,0.0025247,3.986666
225,8/31/2023,14:41:49,67.47892,52.14451,30.16934,21.41544,32.87637,61.25187,1.997702,0.0025247,4.270468
226,8/31/2023,14:42:07,67.50235,52.19138,30.31779,21.34122,32.95449,60.83504,1.997702,0.0028404,3.770814
227,8/31/2023,14:42:25,67.33048,52.15231,30.40372,21.142,33.00918,60.54527,1.997702,0.0028404,4.170652
228,8/31/2023,14:42:43,67.33048,52.02731,30.47795,21.09121,32.96231,60.31147,1.997702,0.0028404,4.296232
229,8/31/2023,14:43:01,67.33829,51.96481,30.61074,20.97013,32.82168,59.88443,1.997702,0.0028404,4.147995
230,8/31/2023,14:43:19,67.33829,51.91793,30.63418,20.97013,32.74355,59.46759,1.997702,0.0025247,4.059651
231,8/31/2023,14:43:37,67.22891,51.85544,30.72012,20.90371,32.68105,59.30998,1.997702,0.0028404,4.010671
232,8/31/2023,14:43:55,67.28359,51.88668,30.75137,20.8334,32.61074,59.3354,1.997702,0.0028404,3.948548
233,8/31/2023,14:44:13,67.17422,51.84762,30.80997,20.86465,32.64199,59.36082,1.997702,0.0028404,4.016938
234,8/31/2023,14:44:31,67.10391,51.84762,30.86074,20.73965,32.66543,59.07108,1.997702,0.0028404,4.128696
235,8/31/2023,14:44:49,67.22891,51.75387,30.81778,20.79824,32.62637,58.91855,1.997702,0.003156,4.048494
236,8/31/2023,14:45:07,67.13517,51.73043,30.86856,20.7709,32.62637,58.86772,1.997702,0.003156,3.787879
237,8/31/2023,14:45:25,67.22111,51.7695,30.93496,20.78653,32.64199,58.7813,1.997702,0.003156,4.381923
238,8/31/2023,14:45:43,67.17422,51.69918,30.90762,20.73574,32.54044,58.49152,1.997702,0.003156,4.049982
239,8/31/2023,14:46:01,67.08047,51.67574,30.90762,20.68496,32.49356,58.4661,1.997702,0.003156,4.176609
240,8/31/2023,14:46:19,67.13517,51.66012,30.91544,20.59123,32.42326,58.25768,1.997702,0.0028404,4.146245
241,8/31/2023,14:46:37,67.04922,51.69137,30.92324,20.62246,32.4545,58.20687,1.997702,0.003156,4.185969
242,8/31/2023,14:46:55,66.97891,51.56637,30.92324,20.59904,32.40763,58.10011,1.997702,0.003156,4.201609
243,8/31/2023,14:47:13,67.0336,51.62887,30.90762,20.63027,32.38419,58.01876,1.997702,0.0028404,4.098821
244,8/31/2023,14:47:31,67.05704,51.57418,30.88028,20.52872,32.36075,57.9425,1.997702,0.0028404,4.1998
245,8/31/2023,14:47:49,67.05704,51.60543,30.85684,20.60684,32.33732,57.91709,1.997702,0.0028404,4.201981
246,8/31/2023,14:48:07,67.08828,51.61324,30.86465,20.63809,32.29825,57.89167,1.998019,0.003156,4.138319
247,8/31/2023,14:48:25,67.13517,51.58199,30.88809,20.68887,32.29825,57.99334,1.998019,0.0028404,4.063532
248,8/31/2023,14:48:43,67.1586,51.61324,30.84122,20.61465,32.32169,57.91709,1.997702,0.003156,4.009078
249,8/31/2023,14:49:01,66.94766,51.55856,30.86465,20.66543,32.34512,57.79,1.997702,0.003156,4.124231
250,8/31/2023,14:49:19,67.07266,51.56637,30.82168,20.6459,32.30606,57.76458,1.997702,0.0028404,4.081865
251,8/31/2023,14:49:37,66.95547,51.51951,30.82168,20.62246,32.37637,57.81542,1.998019,0.0028404,4.216612
252,8/31/2023,14:49:55,67.04922,51.54293,30.82168,20.6459,32.37637,57.84084,1.998019,0.003156,4.100256
253,8/31/2023,14:50:13,67.05704,51.55074,30.85684,20.68106,32.33732,57.89167,1.998019,0.003156,4.226136
254,8/31/2023,14:50:31,67.01016,51.55074,30.80606,20.63027,32.28262,57.84084,1.998019,0.003156,3.88736
255,8/31/2023,14:50:49,66.93984,51.57418,30.8295,20.65371,32.25919,57.81542,1.997702,0.0028404,4.241462
256,8/31/2023,14:51:07,66.98672,51.55074,30.75528,20.68106,32.28262,57.62733,1.997388,0.0028404,4.249178
257,8/31/2023,14:51:25,66.96328,51.55074,30.75528,20.70449,32.21231,57.55108,1.997702,0.003156,4.192246
258,8/31/2023,14:51:43,67.0336,51.50389,30.77871,20.68106,32.25919,57.62733,1.998019,0.0028404,4.220443
259,8/31/2023,14:52:01,66.96328,51.52732,30.75528,20.68106,32.23575,57.65275,1.997702,0.003156,4.20794
260,8/31/2023,14:52:52,67.0336,51.55074,30.72793,20.70449,32.21231,58.18145,1.997702,0.0028404,2.453891
261,8/31/2023,14:53:10,67.63515,52.01168,30.77871,20.91153,32.00918,62.61932,1.997388,0.0028404,2.19778
262,8/31/2023,14:53:28,67.9164,52.48044,30.98965,21.0209,32.06387,64.74936,1.997388,0.003156,2.376044
263,8/31/2023,14:53:46,68.18204,52.93356,31.21231,21.04824,34.14981,67.64698,1.997388,0.0028404,2.417481
264,8/31/2023,14:54:04,68.53361,53.27732,31.47012,21.0795,35.67324,68.39936,1.997388,0.0028404,2.242963
265,8/31/2023,14:54:22,68.59609,53.44918,31.72793,21.16544,36.75137,69.19226,1.997702,0.003156,2.390512
266,8/31/2023,14:54:40,68.86954,53.62106,32.0795,21.16544,37.49356,70.19385,1.997702,0.0028404,2.442533
267,8/31/2023,14:54:58,68.89297,53.78512,32.40763,21.18888,38.11074,70.84443,1.997388,0.0028404,2.371881
268,8/31/2023,14:55:16,68.93984,53.91013,32.73574,21.18888,38.53263,71.66291,1.997388,0.0028404,2.351068
269,8/31/2023,14:55:34,69.06484,54.05857,33.11856,21.27482,38.79043,72.26284,1.997702,0.003156,2.447537
270,8/31/2023,14:55:52,69.1586,54.12888,33.51699,21.32559,39.11074,73.08132,1.997702,0.003156,2.395978
271,8/31/2023,14:56:10,69.29922,54.23045,33.74355,21.37637,39.28262,73.42699,1.997388,0.003156,2.409984
272,8/31/2023,14:56:28,69.42423,54.26169,34.12637,21.38419,39.49356,73.92513,1.997702,0.0028404,2.19324
273,8/31/2023,14:56:46,69.30704,54.37889,34.39982,21.28263,39.66543,74.18446,1.997702,0.003156,2.369564
274,8/31/2023,14:57:04,69.35392,54.42576,34.70449,21.28263,39.88419,74.24043,1.997388,0.003156,2.347868
275,8/31/2023,14:57:22,69.35392,54.47263,35.00137,21.13028,40.08731,74.50481,1.997702,0.003156,2.372685
276,8/31/2023,14:57:40,69.4086,54.48044,35.21231,21.03653,40.18888,74.70791,1.997702,0.003156,2.224584
277,8/31/2023,14:57:58,69.43986,54.53513,35.51699,20.88809,40.27481,74.73349,1.997702,0.003156,2.337806
278,8/31/2023,14:58:16,69.41642,54.5117,35.71231,20.81387,40.27481,74.99787,1.997702,0.003156,2.344307
279,8/31/2023,14:58:34,69.51015,54.59762,36.017,20.66543,40.43106,74.89606,1.997702,0.003156,2.2807
280,8/31/2023,14:58:52,69.43204,54.55074,36.12637,20.47012,40.50918,74.92165,1.997702,0.003156,2.379738
281,8/31/2023,14:59:10,69.4086,54.52732,36.32169,20.31388,40.68105,74.65726,1.997702,0.003156,2.323712
282,8/31/2023,14:59:28,69.47892,54.52732,36.54825,20.16154,40.75137,74.55545,1.997388,0.003156,2.259011
283,8/31/2023,14:59:46,69.3461,54.49606,36.73574,19.99747,40.67324,74.50481,1.997388,0.003156,2.287923
284,8/31/2023,15:00:04,69.37736,54.49606,36.86074,19.94278,40.6498,74.55545,1.997702,0.003156,2.237148
285,8/31/2023,15:00:22,69.4086,54.43357,36.99356,19.7709,40.7748,74.15913,1.997702,0.0028404,2.218281
286,8/31/2023,15:00:40,69.32266,54.44138,37.14981,19.72793,40.88419,73.97603,1.997702,0.0028404,2.221678
287,8/31/2023,15:00:58,69.35392,54.47263,37.18105,19.68496,40.93887,73.86916,1.997702,0.003156,2.272153
288,8/31/2023,15:01:16,69.28359,54.37889,37.33732,19.50529,40.84512,73.6658,1.997388,0.003156,2.199494
289,8/31/2023,15:01:34,69.24454,54.3867,37.49356,19.43497,40.87637,73.55414,1.997702,0.0028404,2.272283
290,8/31/2023,15:01:52,69.32266,54.34763,37.54825,19.392,40.80606,73.31506,1.997702,0.0028404,2.254024
291,8/31/2023,15:02:10,69.1586,54.32419,37.67324,19.28653,40.88419,73.11172,1.997702,0.003156,2.325505
292,8/31/2023,15:02:28,69.23672,54.28513,37.70449,19.32169,40.86856,73.056,1.997702,0.003156,2.333956
293,8/31/2023,15:02:46,69.19765,54.29293,37.81387,19.25138,40.85293,72.81694,1.997702,0.0028404,2.134928
294,8/31/2023,15:03:04,69.15078,54.19138,37.88419,19.25138,40.85293,72.52724,1.997702,0.003156,2.328132
295,8/31/2023,15:03:22,69.0336,54.16794,37.86074,19.17325,40.85293,72.29856,1.997388,0.003156,2.114328
296,8/31/2023,15:03:40,69.0336,54.16794,37.96231,19.14981,40.7748,72.16129,1.997388,0.003156,2.152398
297,8/31/2023,15:03:58,69.10391,54.14451,38.00918,19.14981,40.72793,72.3492,1.997702,0.003156,2.175526
298,8/31/2023,15:04:16,69.12734,54.14451,37.96231,19.17325,40.75137,72.3492,1.997388,0.0028404,2.285636
299,8/31/2023,15:04:34,69.11173,54.17575,38.04043,19.18106,40.78262,72.451,1.997388,0.0028404,2.214178
300,8/31/2023,15:04:52,69.1586,54.15231,38.06387,19.05216,40.80606,72.32388,1.997388,0.003156,2.163495
301,8/31/2023,15:05:10,69.07266,54.16012,38.12637,19.08731,40.8373,72.3492,1.997388,0.003156,2.042743
302,8/31/2023,15:05:28,69.07266,54.13668,38.17325,19.08731,40.76699,72.37478,1.997388,0.003156,2.088014
303,8/31/2023,15:05:46,69.0961,54.11325,38.19668,19.03653,40.8373,72.26284,1.997388,0.003156,2.0665
304,8/31/2023,15:06:04,69.11954,54.16012,38.24356,19.00918,40.8373,72.37478,1.997388,0.003156,2.226326
305,8/31/2023,15:06:22,69.0961,54.13668,38.27481,19.00918,40.86856,72.3492,1.997388,0.003156,2.107413
306,8/31/2023,15:06:40,69.11954,54.13668,38.32169,18.98184,40.96231,72.16129,1.997388,0.003156,2.213791
307,8/31/2023,15:06:58,69.04922,54.08981,38.29825,18.90762,40.96231,71.89691,1.997702,0.003156,2.24987
308,8/31/2023,15:07:16,69.05704,54.09762,38.30606,18.98965,40.87637,71.84602,1.997388,0.003156,2.176095
309,8/31/2023,15:07:34,68.98672,54.05075,38.28262,18.8959,40.82949,71.7951,1.997388,0.003156,2.187688
310,8/31/2023,15:08:38,67.68203,53.26169,38.20451,17.56778,32.20451,56.65273,1.997702,0.003156,8.894529
311,8/31/2023,15:08:56,66.4086,51.36326,37.47012,16.87637,28.57951,51.61016,1.997702,0.003156,8.796146
312,8/31/2023,15:09:14,65.65859,50.22263,36.52482,16.56778,26.27872,47.77225,1.997702,0.003156,8.757193
313,8/31/2023,15:09:32,65.25235,49.62106,35.392,17.61074,25.22012,45.69127,1.997388,0.003156,8.468349
314,8/31/2023,15:09:50,65.18204,49.33982,34.0248,19.52872,25.40763,45.66782,1.997702,0.003156,8.920323
315,8/31/2023,15:10:08,65.35392,49.44138,33.29825,20.91544,26.22012,46.64221,1.997702,0.003156,9.100676
316,8/31/2023,15:10:26,65.44766,49.62887,32.97793,21.60684,26.96231,47.69551,1.997702,0.003156,8.927721
317,8/31/2023,15:10:44,65.62734,49.79293,32.66543,22.1381,27.55217,48.69123,1.997702,0.0034715,8.851169
318,8/31/2023,15:11:02,65.72109,49.91793,32.33732,22.64981,27.85684,50.74023,1.997702,0.003156,2.616721
319,8/31/2023,15:11:20,66.68203,50.59762,32.16544,22.86074,28.06387,56.10262,1.997702,0.0034715,2.62273
320,8/31/2023,15:11:38,67.39297,51.50389,32.17325,22.89199,28.8295,60.31147,1.997388,0.003156,2.592409
321,8/31/2023,15:11:56,67.72109,52.10544,32.25138,22.91934,32.17325,63.04137,1.997702,0.003156,2.743541
322,8/31/2023,15:12:14,67.99453,52.54293,32.47795,22.97013,34.47795,65.37967,1.997702,0.0034715,2.679616
323,8/31/2023,15:12:32,68.47112,52.98824,32.71231,23.0795,35.61074,67.22001,1.997388,0.003156,2.528499
324,8/31/2023,15:12:50,68.58829,53.24606,32.88419,23.13028,36.32949,68.53661,1.997702,0.003156,2.825652
325,8/31/2023,15:13:08,68.7289,53.5117,33.16544,23.23185,37.12637,69.76687,1.997702,0.003156,2.796945
326,8/31/2023,15:13:26,68.86954,53.65231,33.33732,23.3334,37.59512,70.64133,1.997388,0.003156,2.740767
327,8/31/2023,15:13:44,68.89297,53.84762,33.54044,23.40763,37.92324,71.66291,1.997388,0.003156,2.58476
328,8/31/2023,15:14:02,69.0336,54.04294,33.79824,23.29045,38.19668,72.3492,1.997388,0.0028404,2.766101
329,8/31/2023,15:14:20,69.17422,54.09762,33.86856,23.29045,38.37637,72.81694,1.997388,0.0028404,2.73051
330,8/31/2023,15:14:38,69.17422,54.21482,34.11856,23.00918,38.64199,73.28974,1.997388,0.003156,2.668062
331,8/31/2023,15:14:56,69.18204,54.24606,34.22794,22.86465,38.75137,73.50323,1.997072,0.0028404,2.664354
332,8/31/2023,15:15:14,69.25235,54.31637,34.47795,22.55997,38.89981,73.63036,1.997388,0.003156,2.588598
333,8/31/2023,15:15:32,69.27579,54.31637,34.70449,22.30216,39.04824,73.76763,1.997702,0.003156,2.751863
334,8/31/2023,15:15:50,69.22891,54.29293,34.87637,22.0209,39.07168,73.60477,1.997388,0.003156,2.676427
335,8/31/2023,15:16:08,69.30704,54.30075,35.06387,21.74746,39.15762,73.50323,1.997702,0.0034715,2.652071
336,8/31/2023,15:16:26,69.24454,54.28513,35.26699,21.42326,39.16544,73.23885,1.997388,0.003156,2.566228
337,8/31/2023,15:16:44,69.15078,54.26169,35.47012,21.17325,39.24356,72.8476,1.997072,0.0028404,2.668114
338,8/31/2023,15:17:02,69.14297,54.23045,35.55606,21.05606,39.37637,72.47633,1.997388,0.003156,2.507949
339,8/31/2023,15:17:20,69.07266,54.13668,35.75918,20.72012,39.32949,72.29856,1.997072,0.003156,2.611628
340,8/31/2023,15:17:38,68.9711,54.11325,35.89199,20.57559,39.33732,71.71381,1.997072,0.0028404,2.542742
341,8/31/2023,15:17:56,69.08828,54.02731,36.017,20.37637,39.32169,71.3223,1.997072,0.0028404,2.571499
342,8/31/2023,15:18:14,68.82265,53.94137,36.14981,20.30606,39.29825,70.98168,1.997072,0.003156,2.712984
343,8/31/2023,15:18:32,68.93984,53.84762,36.18105,20.17715,39.25138,70.55978,1.997388,0.003156,2.712513
344,8/31/2023,15:18:50,68.71328,53.80856,36.25919,20.13418,39.18888,70.27007,1.997388,0.003156,2.599119
345,8/31/2023,15:19:08,68.74453,53.76168,36.34512,20.142,39.017,70.37695,1.997388,0.003156,0.9803763
346,8/31/2023,15:19:26,69.63515,54.25388,36.47795,20.58732,38.36075,77.0517,1.997388,0.003156,0.9803763
347,8/31/2023,15:19:44,70.40079,55.207,36.72012,20.69278,38.16544,82.86183,1.997388,0.003156,0.9803763
348,8/31/2023,15:20:02,70.98672,55.86325,37.0795,20.70059,38.09513,86.93373,1.997388,0.003156,0.9803763
349,8/31/2023,15:20:20,71.50235,56.69918,37.72793,20.80215,38.14981,91.84998,1.997388,0.003156,0.9803763
350,8/31/2023,15:20:38,72.08047,57.24606,38.54044,20.85293,38.56389,94.68629,1.997388,0.003156,0.9803763
351,8/31/2023,15:20:56,72.54922,57.80074,39.8373,21.01309,40.11074,98.5807,1.997388,0.003156,0.9803763
352,8/31/2023,15:21:14,73.08047,58.47263,41.87637,21.04044,42.32169,102.4186,1.997388,0.003156,0.9803763
353,8/31/2023,15:21:32,73.38516,58.77731,43.00918,21.04044,43.33732,104.4921,1.997388,0.003156,0.9803763
354,8/31/2023,15:21:50,73.76015,59.28513,44.91544,21.07168,44.49356,107.1253,1.997388,0.003156,0.9803763
355,8/31/2023,15:22:08,73.90079,59.66012,46.44669,21.09903,45.32949,109.5102,1.997388,0.0034715,0.9803763
356,8/31/2023,15:22:26,74.3461,60.02731,47.91544,21.13418,46.04043,111.6903,1.997388,0.0034715,0.9803763
357,8/31/2023,15:22:44,74.57267,60.26169,49.64199,21.13418,46.89199,114.6903,1.997388,0.0034715,0.9803763
358,8/31/2023,15:23:02,74.83047,60.67574,50.93106,21.16544,47.26699,116.6071,1.997388,0.003156,0.9803763
359,8/31/2023,15:23:20,75.20547,60.96481,52.31388,21.32559,47.61855,118.4013,1.997388,0.003156,0.9803763
360,8/31/2023,15:23:38,75.29922,61.16012,53.59512,21.38029,48.00918,120.8416,1.997388,0.003156,0.9803763
361,8/31/2023,15:23:56,75.53361,61.54293,54.62637,21.32559,48.36856,122.3916,1.997072,0.003156,0.9803763
362,8/31/2023,15:24:14,75.7914,61.73824,55.51699,21.3881,48.76699,124.5217,1.997388,0.0034715,0.9803763
363,8/31/2023,15:24:32,76.07266,62.05075,56.38419,21.49749,49.06387,126.2295,1.997072,0.003156,0.9803763
364,8/31/2023,15:24:50,76.30704,62.30856,57.0795,21.52091,49.39982,127.6272,1.997072,0.003156,0.9803763
365,8/31/2023,15:25:08,76.37736,62.44918,57.76699,21.47012,49.79043,129.0962,1.997388,0.003156,0.9803763
366,8/31/2023,15:25:26,76.47112,62.74606,58.49356,21.55606,50.04043,130.3883,1.997388,0.003156,0.9803763
367,8/31/2023,15:25:44,76.76797,62.83981,58.98574,21.57951,50.28262,131.593,1.997072,0.0034715,0.9803763
368,8/31/2023,15:26:02,76.79922,62.91793,59.32949,21.64199,50.65762,132.7209,1.997072,0.003156,0.9803763
369,8/31/2023,15:26:20,77.04922,63.17575,59.87637,21.64199,50.82168,133.8254,1.997072,0.003156,0.9803763
370,8/31/2023,15:26:38,77.16641,63.41012,60.43888,21.69278,51.04824,135.6143,1.997072,0.0034715,0.9803763
371,8/31/2023,15:26:56,77.28359,63.55172,60.72793,21.767,51.24356,136.9298,1.997072,0.003156,0.9803763
372,8/31/2023,15:27:14,77.51015,63.73922,61.22794,21.767,51.43106,138.2176,1.997072,0.0034715,0.9803763
373,8/31/2023,15:27:32,77.61172,63.98141,61.52482,21.77481,51.58731,139.3456,1.997072,0.0034715,0.9803763
374,8/31/2023,15:27:50,77.69765,64.05173,61.87637,21.82559,51.7748,140.2453,1.997072,0.003156,0.9803763
375,8/31/2023,15:28:08,77.92422,64.26266,62.27481,21.77481,51.99356,141.7131,1.997072,0.003156,0.9803763
376,8/31/2023,15:28:26,77.99453,64.33298,62.55606,21.72403,52.25919,142.7095,1.997072,0.003156,0.9803763
