Sample,Date,Time,Surface,Liquid,Vapour,Water In,Water Out,Chamber Px,Voltage,Current,Water Flow
0,8/29/2023,13:46:49,24.14591,22.26169,21.0209,20.79434,20.84512,-6.505718,1.995811,-0.0003156,9.265064
1,8/29/2023,13:47:07,23.93496,22.30466,21.01309,20.78262,20.8334,-6.429506,1.996126,-0.0003156,9.278117
2,8/29/2023,13:47:25,23.71621,22.25779,21.04434,20.767,20.84122,-6.322356,1.995811,-0.0003156,9.261485
3,8/29/2023,13:47:43,33.61855,22.3281,21.05997,20.78262,20.80606,-6.241338,1.997072,-0.0003156,9.323153
4,8/29/2023,13:48:01,43.0248,22.31637,21.10294,20.7709,20.84902,-5.981743,1.997072,-0.0003156,9.146653
5,8/29/2023,13:48:19,47.79824,22.30466,21.04044,20.81387,20.87247,-5.666706,1.997072,0,9.308635
6,8/29/2023,13:48:37,49.21231,22.32029,21.05606,20.73574,20.80997,-5.163521,1.996757,0,9.27117
7,8/29/2023,13:48:55,49.42326,22.39059,21.09903,20.767,20.81778,-4.873545,1.996757,0,9.265485
8,8/29/2023,13:49:13,49.58731,22.35153,21.08731,20.78262,20.86074,-4.456719,1.996757,0,9.172795
9,8/29/2023,13:49:31,49.69668,22.3945,21.10294,20.82559,20.82559,-4.009493,1.997072,0,8.640436
10,8/29/2023,13:49:49,49.82949,22.35934,21.09513,20.82168,20.87247,-3.247249,1.996757,0,9.324415
11,8/29/2023,13:50:07,49.99356,22.39842,21.11075,20.85684,20.90762,-3.038827,1.996757,0,8.740884
12,8/29/2023,13:50:25,50.12637,22.39059,21.14981,20.7709,20.87247,-2.560682,1.996441,0,9.196822
13,8/29/2023,13:50:43,50.24356,22.40623,21.142,20.80997,20.88809,-2.276047,1.996441,0,9.415251
14,8/29/2023,13:51:01,50.47012,22.44529,21.10684,20.82559,20.85293,-1.69663,1.996441,0,9.356597
15,8/29/2023,13:51:19,50.60293,22.43749,21.17325,20.79043,20.89199,-1.274463,1.996441,0,9.356597
16,8/29/2023,13:51:37,50.76699,22.42576,21.21231,20.80606,20.88419,-0.8016399,1.996441,0.0003156,9.044961
17,8/29/2023,13:51:55,50.66543,22.46872,21.20451,20.84902,20.89981,-0.2782007,1.996126,0.0003156,9.431005
18,8/29/2023,13:52:13,50.72793,22.45699,21.16934,20.83731,20.92324,9.28E-02,1.996126,0,9.127675
19,8/29/2023,13:52:31,50.96231,22.48044,21.24356,20.88809,20.93887,0.5352153,1.996126,0.0003156,8.901507
20,8/29/2023,13:52:49,51.00137,22.49606,21.20841,20.87637,20.92716,1.17061,1.995811,0,9.377835
21,8/29/2023,13:53:07,51.07168,22.48825,21.17325,20.89199,20.94278,1.328377,1.995811,0.0003156,9.341664
22,8/29/2023,13:53:25,49.11074,22.55465,21.23965,20.85684,20.88419,1.643413,1.994862,0.0003156,9.268854
23,8/29/2023,13:53:43,42.25138,22.49217,21.26309,20.88028,20.9584,1.82624,1.994548,0,9.136321
24,8/29/2023,13:54:01,38.85293,22.54293,21.27872,20.8959,20.94668,1.95843,1.994232,0.0003156,9.166471
25,8/29/2023,13:54:19,37.017,22.5234,21.28653,20.93106,20.93887,2.09064,1.994232,0.0003156,9.33199
26,8/29/2023,13:54:37,35.50137,22.56637,21.25919,20.92716,20.92716,2.116216,1.994232,0.0003156,9.405582
27,8/29/2023,13:54:55,34.38419,22.58981,21.27482,20.89199,20.97013,2.192449,1.994232,0.0003156,9.156773
28,8/29/2023,13:55:13,33.53263,22.62887,21.29045,20.90762,20.98575,2.192449,1.993917,0.0003156,9.31074
29,8/29/2023,13:55:31,32.82168,22.64449,21.27872,20.93106,20.9584,2.405657,1.993917,0.0006312,8.962173
30,8/29/2023,13:55:49,32.36856,22.63668,21.29435,20.93887,20.97403,2.273467,1.993917,0.0006312,9.11038
31,8/29/2023,13:56:07,41.92324,22.70309,21.28653,20.90371,20.98184,2.380617,1.995495,0.0003156,8.625381
32,8/29/2023,13:56:25,54.0795,22.69918,21.3334,20.89981,21.02871,2.695633,1.995495,0.0006312,9.120292
33,8/29/2023,13:56:43,53.32169,22.74215,21.29825,20.89199,20.97013,3.351283,1.995495,0.0006312,9.081897
34,8/29/2023,13:57:01,52.57951,22.73043,21.34122,20.88028,20.98575,3.747854,1.995495,0.0006312,8.995337
35,8/29/2023,13:57:19,52.61855,22.74606,21.3295,20.87247,21.00137,4.454675,1.995178,0.0006312,9.172795
36,8/29/2023,13:57:37,52.51699,22.73825,21.3959,20.83731,20.98965,4.69348,1.995178,0.0006312,9.149184
37,8/29/2023,13:57:55,52.14981,22.80465,21.41153,20.87637,20.9545,5.349109,1.995178,0.0006312,9.280853
38,8/29/2023,13:58:13,52.40763,22.87106,21.42716,20.89199,20.97013,6.030335,1.995178,0.0006312,9.038628
39,8/29/2023,13:58:31,52.47012,22.83591,21.44278,20.90762,21.03653,6.376289,1.994862,0.0006312,9.406001
40,8/29/2023,13:58:49,52.53263,22.87496,21.45842,20.95059,20.95059,7.133728,1.994862,0.0006312,8.96851
41,8/29/2023,13:59:07,52.59512,22.91793,21.50138,20.93887,20.98965,7.662508,1.994862,0.0006312,9.336829
42,8/29/2023,13:59:25,52.56389,22.98434,21.51699,20.93106,21.00528,8.318158,1.994862,0.0006312,9.199347
43,8/29/2023,13:59:43,52.07168,22.97653,21.53263,20.97013,21.09903,8.923151,1.994862,0.0006312,9.07641
44,8/29/2023,14:00:01,52.00918,23.05857,21.48965,20.9545,21.02871,9.18221,1.994862,0.0006312,8.911232
45,8/29/2023,14:00:19,52.11856,23.20309,21.52872,20.94278,21.0209,9.898623,1.994548,0.0006312,9.072189
46,8/29/2023,14:00:37,52.23575,23.24216,21.5717,20.98575,21.05997,10.49883,1.994862,0.0006312,9.361225
47,8/29/2023,14:00:55,52.25138,23.41012,21.58732,20.92324,21.02481,11.00202,1.994548,0.0006312,9.284642
48,8/29/2023,14:01:13,52.29044,23.78122,21.60293,20.93887,21.06778,11.39326,1.994548,0.0006312,8.801438
49,8/29/2023,14:01:31,52.39982,24.07418,21.64199,20.98965,21.11465,12.07983,1.994548,0.0006312,8.943787
50,8/29/2023,14:01:49,52.54044,25.23825,21.64199,21.00528,21.05606,12.47108,1.994548,0.0006312,8.763754
51,8/29/2023,14:02:07,52.57951,26.69137,21.65762,20.99356,21.07168,12.91882,1.994548,0.0006312,9.137588
52,8/29/2023,14:02:25,52.61855,28.06247,21.58732,20.97793,21.0795,13.44228,1.994548,0.0006312,9.32715
53,8/29/2023,14:02:43,52.72793,29.00778,21.63027,21.017,21.10294,13.97106,1.994548,0.0009468,8.753168
54,8/29/2023,14:03:01,55.16544,32.00387,21.6459,20.9584,21.0834,14.78448,1.995811,0.0009468,8.698302
55,8/29/2023,14:03:19,58.96231,36.83199,21.80606,20.93887,21.142,20.19805,1.997388,0.0009468,9.415669
56,8/29/2023,14:03:37,59.50137,40.26169,21.75137,20.93887,21.16544,24.77367,1.997388,0.0009468,9.784566
57,8/29/2023,14:03:55,61.44669,41.27732,21.83731,20.92716,21.23185,29.29812,1.998651,0.0012624,9.574989
58,8/29/2023,14:04:13,64.21329,43.74606,22.142,20.89199,21.37637,35.54536,1.999912,0.0009468,9.937201
59,8/29/2023,14:04:31,73.12734,45.29293,22.35293,20.84902,21.89199,39.64765,2.000544,0.0009468,9.628227
60,8/29/2023,14:04:49,141.1039,46.18356,22.392,20.89199,22.36856,39.52078,1.998019,0.0009468,9.106161
61,8/29/2023,14:05:07,153.432,45.90231,22.25528,20.9584,22.02871,37.33532,1.997388,0.0009468,8.935966
62,8/29/2023,14:05:25,150.7758,45.73043,22.11857,21.0756,21.81387,36.78629,1.995495,0.0012624,9.320207
63,8/29/2023,14:05:43,157.2914,45.7695,22.00528,21.142,21.75137,36.73511,1.993601,0.0012624,9.945544
64,8/29/2023,14:06:01,152.9633,45.80856,22.0756,21.10684,21.74356,37.17753,1.993286,0.0012624,9.140539
65,8/29/2023,14:06:19,102.7914,45.88668,22.05606,21.1381,21.72403,39.52078,1.992654,0.0012624,12.26786
66,8/29/2023,14:06:37,61.61074,46.54293,22.1381,21.11857,21.78262,42.27662,1.998651,0.0009468,12.41542
67,8/29/2023,14:06:55,64.00235,47.59762,22.63027,21.17715,22.60293,45.06229,1.998651,0.0009468,11.17367
68,8/29/2023,14:07:13,63.56389,48.00387,23.05216,21.32169,23.41153,46.45458,1.998651,0.0012624,12.54308
69,8/29/2023,14:07:31,63.7289,48.62106,23.27091,21.46231,23.85684,47.4567,1.998966,0.0009468,12.14713
70,8/29/2023,14:07:49,63.83828,48.80856,23.33732,21.55606,24.17715,48.16245,1.998651,0.0009468,12.01681
71,8/29/2023,14:08:07,63.90079,48.97263,23.40372,21.54825,24.41934,48.58462,1.998651,0.0009468,12.71936
72,8/29/2023,14:08:25,64.0336,49.03513,23.4467,21.56389,24.46231,48.69123,1.998651,0.0012624,12.6385
73,8/29/2023,14:08:43,64.10391,49.10544,23.49749,21.61074,24.61074,48.79782,1.998651,0.0012624,12.60633
74,8/29/2023,14:09:01,64.04922,49.29293,23.5131,21.62637,24.67715,49.13898,1.998651,0.0012624,12.6234
75,8/29/2023,14:09:19,64.06484,49.26169,23.60293,21.61856,24.66934,49.0878,1.998966,0.0012624,12.7969
76,8/29/2023,14:09:37,64.10391,49.37107,23.6459,21.63418,24.68496,49.37778,1.998651,0.0012624,12.54761
77,8/29/2023,14:09:55,64.07266,49.41012,23.71231,21.62246,24.77481,49.48013,1.998334,0.0012624,12.54898
78,8/29/2023,14:10:13,64.15078,49.46482,23.7709,21.68106,24.78262,49.50572,1.998651,0.0012624,12.63007
79,8/29/2023,14:10:31,64.16641,49.48825,23.8959,21.66153,24.86465,49.58674,1.998651,0.0009468,12.20794
80,8/29/2023,14:10:49,64.22891,49.49606,23.90371,21.66153,24.89199,49.45455,1.998651,0.0012624,12.61222
81,8/29/2023,14:14:31,46.89199,45.88668,23.0795,21.73184,21.86074,29.16059,1.991708,0.0012624,12.74204
82,8/29/2023,14:14:49,46.70449,45.77731,23.03653,21.63809,21.79043,28.58598,1.991708,0.0012624,12.85283
83,8/29/2023,14:15:07,46.82168,45.56637,23.02871,21.62637,21.8295,29.03372,1.993601,0.0012624,12.81055
84,8/29/2023,14:15:25,58.20451,45.35544,23.05997,21.61856,21.82168,32.39402,1.994548,0.0012624,12.53541
85,8/29/2023,14:15:43,61.18105,46.00387,23.00137,21.57559,21.90762,37.02509,1.995811,0.0012624,12.65575
86,8/29/2023,14:16:01,62.32169,47.08981,23.06778,21.59123,22.27872,42.35764,1.996441,0.0012624,12.21172
87,8/29/2023,14:16:19,63.81485,47.93356,23.18497,21.60684,22.9545,45.93222,1.997702,0.0012624,12.04794
88,8/29/2023,14:16:37,64.68984,48.83199,23.42326,21.56389,23.72793,48.08568,1.998019,0.001578,12.20516
89,8/29/2023,14:16:55,64.9164,49.36326,23.56389,21.45059,24.38029,49.5313,1.998019,0.001578,11.77831
90,8/29/2023,14:17:13,64.97891,49.49606,23.50529,21.49357,24.6459,49.7701,1.998019,0.001578,12.4667
91,8/29/2023,14:17:31,64.96328,49.60543,23.58732,21.50138,24.85684,49.95134,1.998019,0.0012624,12.1334
92,8/29/2023,14:17:49,65.02579,49.66793,23.63027,21.41544,24.95059,49.95134,1.998019,0.0018936,12.18629
93,8/29/2023,14:18:07,64.96328,49.69918,23.71231,21.49749,24.98184,49.97691,1.998019,0.001578,11.96047
94,8/29/2023,14:18:25,65.00235,49.71481,23.75528,21.5131,25.0756,50.00251,1.998019,0.0018936,12.11191
95,8/29/2023,14:18:43,65.01797,49.707,23.87247,21.52872,25.09121,50.00251,1.998019,0.001578,12.04495
96,8/29/2023,14:19:01,65.00235,49.71481,23.9584,21.5131,25.17325,50.16669,1.998019,0.001578,12.05452
97,8/29/2023,14:19:19,65.01016,49.74606,24.017,21.52872,25.21622,50.16669,1.998019,0.001578,12.18033
98,8/29/2023,14:19:37,65.0336,49.74606,24.11465,21.56778,25.20451,50.24131,1.997702,0.001578,12.09159
99,8/29/2023,14:19:55,64.99453,49.77731,24.17325,21.57559,25.31388,50.05368,1.997702,0.001578,12.23772
100,8/29/2023,14:20:13,64.95547,49.78512,24.23185,21.5834,25.29825,50.21572,1.997702,0.001578,11.98126
101,8/29/2023,14:20:31,64.99453,49.75387,24.32559,21.64981,25.31388,50.19014,1.997702,0.001578,11.51956
102,8/29/2023,14:20:49,65.01016,49.7695,24.392,21.66543,25.3295,50.29249,1.997702,0.001578,12.07625
103,8/29/2023,14:21:07,65.01797,49.84762,24.42326,21.72403,25.3959,50.53129,1.997388,0.0012624,12.02579
104,8/29/2023,14:21:25,64.97891,49.80856,24.48184,21.78262,25.49749,50.26689,1.997388,0.0012624,12.12962
105,8/29/2023,14:21:43,65.0961,49.85544,24.50529,21.8334,25.52091,50.48012,1.997388,0.001578,12.29144
106,8/29/2023,14:22:01,65.05704,49.83981,24.54044,21.86465,25.52872,50.66348,1.997388,0.0012624,12.1849
107,8/29/2023,14:22:19,65.11954,49.87888,24.60684,21.9584,25.56778,50.45452,1.997388,0.0012624,12.13659
108,8/29/2023,14:22:37,65.08047,49.91013,24.66543,21.98965,25.60293,50.89802,1.997072,0.0009468,11.97167
109,8/29/2023,14:22:55,65.16641,49.85544,24.78262,22.03263,25.71621,50.89802,1.997388,0.001578,12.0902
110,8/29/2023,14:23:13,65.17422,49.91013,24.76309,22.11465,25.75137,51.1624,1.997388,0.001578,12.07844
111,8/29/2023,14:23:31,65.21329,50.0195,24.85684,22.18106,26.04434,51.68478,1.997072,0.001578,10.30836
112,8/29/2023,14:23:49,65.29141,50.12888,24.88809,22.21622,26.35685,52.13255,1.997388,0.001578,10.26004
113,8/29/2023,14:24:07,65.33048,50.16794,24.97793,22.267,26.63418,52.42252,1.997388,0.001578,9.651271
114,8/29/2023,14:24:25,65.4086,50.24606,25.06387,22.18888,26.61074,52.39693,1.997072,0.001578,10.22705
115,8/29/2023,14:24:43,65.48673,50.27732,25.12247,22.14591,26.61856,52.63573,1.997388,0.001578,10.28431
116,8/29/2023,14:25:01,65.44766,50.23825,25.20451,22.18497,26.55606,52.42252,1.997388,0.0012624,10.42204
117,8/29/2023,14:25:19,65.39297,50.27732,25.24747,22.22012,26.59123,52.6869,1.997388,0.001578,10.41997
118,8/29/2023,14:25:37,65.43204,50.24606,25.28653,22.25919,26.63027,52.6869,1.997388,0.0012624,10.40694
119,8/29/2023,14:25:55,65.43204,50.29293,25.33732,22.31388,26.65762,52.6869,1.997388,0.001578,10.56975
120,8/29/2023,14:26:13,65.44766,50.332,25.48965,22.3881,26.68106,52.92571,1.997388,0.0012624,10.44314
121,8/29/2023,14:26:31,65.43986,50.30075,25.49749,22.41934,26.76309,52.97688,1.997388,0.0018936,10.4791
122,8/29/2023,14:26:49,65.51799,50.3867,25.56389,22.43497,26.80215,53.13467,1.997072,0.001578,10.38707
123,8/29/2023,14:27:07,65.53361,50.41795,25.59512,22.49357,26.80997,53.07923,1.997388,0.001578,10.39514
124,8/29/2023,14:27:25,65.59609,50.41012,25.71231,22.58732,26.82559,53.45022,1.997388,0.001578,10.37962
125,8/29/2023,14:27:43,65.65859,50.49606,25.75528,22.62637,26.91544,53.57602,1.997072,0.001578,10.27415
126,8/29/2023,14:28:01,65.54141,50.50389,25.78653,22.68496,27.05216,53.63358,1.997072,0.001578,10.36595
127,8/29/2023,14:28:19,65.62734,50.5117,25.84512,22.74356,27.10684,53.95341,1.997388,0.0018936,10.00786
128,8/29/2023,14:28:37,65.71328,50.55856,25.91153,22.80997,27.27482,54.23699,1.997072,0.001578,10.00849
129,8/29/2023,14:28:55,65.65859,50.59762,25.95059,22.85293,27.267,54.3436,1.997388,0.001578,10.3732
130,8/29/2023,14:29:13,65.80703,50.62887,26.03653,22.78262,27.34903,54.60371,1.997388,0.0018936,10.02182
131,8/29/2023,14:29:31,65.82265,50.64449,26.0756,22.87637,27.36466,54.57814,1.997072,0.0018936,10.26855
132,8/29/2023,14:29:49,65.79922,50.64449,26.10294,22.92716,27.31388,54.62931,1.997388,0.001578,10.35021
133,8/29/2023,14:30:07,65.81485,50.68356,26.16934,23.017,27.35685,54.84252,1.997072,0.001578,10.41418
134,8/29/2023,14:30:25,65.83047,50.72262,26.23575,23.0834,27.47012,54.97046,1.997072,0.001578,10.34524
135,8/29/2023,14:30:43,65.88515,50.707,26.29435,23.09121,27.4545,55.03015,1.997388,0.0018936,10.3384
136,8/29/2023,14:31:01,65.8539,50.74606,26.28263,23.21231,27.59512,55.3713,1.997072,0.001578,10.35518
137,8/29/2023,14:31:19,65.88515,50.77731,26.36856,23.24356,27.57951,55.44807,1.997388,0.001578,10.3732
138,8/29/2023,14:31:37,65.89297,50.83199,26.42716,23.22794,27.63809,55.49924,1.997072,0.0018936,10.36699
139,8/29/2023,14:31:55,65.95547,50.84762,26.44278,23.31779,27.67715,55.65701,1.997072,0.001578,10.32784
140,8/29/2023,14:32:13,65.93204,50.8945,26.51699,23.34513,27.72793,55.73803,1.997072,0.001578,9.787075
141,8/29/2023,14:32:31,65.9164,50.90231,26.53263,23.38419,27.7709,55.71245,1.997072,0.0018936,10.08573
142,8/29/2023,14:32:49,65.94766,50.86325,26.5834,23.43497,27.79434,55.7892,1.997072,0.0018936,10.36015
143,8/29/2023,14:33:07,65.96328,50.97263,26.62637,23.45059,27.8334,55.99603,1.996757,0.001578,9.955134
144,8/29/2023,14:33:25,65.94766,50.98043,26.68496,23.50918,27.94278,55.99603,1.997072,0.001578,10.06804
145,8/29/2023,14:33:43,66.01016,51.02731,26.72403,23.55217,27.98575,56.36275,1.997072,0.001578,9.962849
146,8/29/2023,14:34:01,66.01797,51.00387,26.78262,23.53263,28.017,56.49921,1.996757,0.001578,10.10383
147,8/29/2023,14:34:19,66.07266,51.01168,26.79043,23.54044,28.02481,56.62714,1.996757,0.001578,10.19175
148,8/29/2023,14:34:37,66.10391,51.07418,26.84902,23.59904,28.03263,56.49921,1.997072,0.001578,10.39183
149,8/29/2023,14:34:55,66.07266,51.03513,26.86465,1.00E-30,27.98184,56.70817,1.996757,0.001578,10.45306
150,8/29/2023,14:35:13,66.10391,51.07418,26.89981,23.67324,28.00528,56.65273,1.996757,0.001578,10.29592
151,8/29/2023,14:35:31,66.1586,51.082,27.00918,23.68106,28.09903,56.81477,1.996757,0.0018936,10.34752
152,8/29/2023,14:35:49,66.11954,51.11325,27.017,23.81778,28.09903,56.86594,1.996757,0.0018936,10.3968
153,8/29/2023,14:36:07,66.17422,51.09762,27.04824,23.82559,28.1381,56.89154,1.996757,0.001578,10.48696
154,8/29/2023,14:36:25,66.0961,51.207,27.06387,23.89199,28.12247,57.729,1.996757,0.0018936,8.49829
155,8/29/2023,14:36:43,66.29141,51.23825,27.09513,23.82168,28.97013,58.33902,1.996441,0.0018936,8.355527
156,8/29/2023,14:37:01,66.3461,51.41795,27.22794,23.85684,29.09513,58.57288,1.996441,0.001578,8.269616
157,8/29/2023,14:37:19,66.37736,51.44918,27.26309,23.86465,29.20451,58.51694,1.996757,0.001578,8.341288
158,8/29/2023,14:37:37,66.4086,51.45699,27.34513,23.72012,29.26309,58.75588,1.996441,0.0018936,8.430542
159,8/29/2023,14:37:55,66.43986,51.46482,27.3881,23.53263,29.20059,58.49152,1.996757,0.0018936,8.12871
160,8/29/2023,14:38:13,66.44766,51.42576,27.48576,23.5131,29.23575,58.54746,1.996757,0.0018936,8.362754
161,8/29/2023,14:38:31,66.39297,51.46482,27.60293,23.4467,29.09121,58.51694,1.996757,0.0018936,8.413546
162,8/29/2023,14:38:49,66.28359,51.3945,27.58732,23.4545,29.09903,58.38987,1.996757,0.0018936,8.169806
163,8/29/2023,14:39:07,66.36954,51.43357,27.62637,23.44278,29.11465,58.33902,1.996757,0.0018936,8.33427
164,8/29/2023,14:39:25,66.40079,51.41795,27.71231,23.42716,29.04824,58.2831,1.996757,0.0018936,8.336611
165,8/29/2023,14:39:43,66.29141,51.42576,27.74356,23.40763,29.00528,58.01876,1.996757,0.0018936,8.24515
166,8/29/2023,14:40:01,66.3461,51.36326,27.80215,23.42326,29.0209,57.9425,1.996757,0.0018936,8.415246
167,8/29/2023,14:40:19,66.30704,51.34763,27.8334,23.42326,29.0209,58.07468,1.996441,0.0018936,8.287485
168,8/29/2023,14:40:37,66.38516,51.332,27.86856,23.38029,29.11075,58.10011,1.996757,0.0018936,8.313858
169,8/29/2023,14:40:55,66.41642,51.33982,27.92716,23.41153,29.1381,58.23228,1.996757,0.0018936,8.302587
170,8/29/2023,14:41:13,66.40079,51.3945,27.93496,23.4467,29.19669,58.04926,1.996757,0.0018936,8.235148
171,8/29/2023,14:41:31,66.36172,51.37889,27.99356,23.4545,29.18497,57.9425,1.996441,0.0018936,8.282807
172,8/29/2023,14:41:49,66.32266,51.3867,28.00137,23.43497,29.13418,58.04926,1.996757,0.0018936,8.133608
173,8/29/2023,14:42:07,66.35392,51.3945,28.0834,23.44278,29.16934,58.04926,1.996757,0.0018936,8.181728
174,8/29/2023,14:42:25,66.38516,51.40231,28.09121,23.47795,29.12638,58.18145,1.996757,0.0018936,7.912589
175,8/29/2023,14:42:43,66.41642,51.43357,28.0756,23.48576,29.18497,58.25768,1.996757,0.0018936,8.212592
176,8/29/2023,14:43:01,66.37736,51.41795,28.10684,23.46623,29.16544,58.04926,1.996441,0.0018936,8.158522
177,8/29/2023,14:43:19,66.37736,51.37107,28.15762,23.44278,29.19278,58.25768,1.996441,0.0018936,8.304713
178,8/29/2023,14:43:37,66.36954,51.43357,28.19669,23.50918,29.15762,58.25768,1.996441,0.0018936,8.031776
179,8/29/2023,14:43:55,66.48673,51.43357,28.17325,23.48184,29.23185,58.4661,1.996441,0.001578,8.271532
180,8/29/2023,14:44:13,66.4086,51.44918,28.23965,23.52483,29.32169,58.36443,1.996441,0.0018936,8.333634
181,8/29/2023,14:44:31,66.36954,51.48044,28.24747,23.50529,29.3295,58.36443,1.996441,0.0018936,7.329801
182,8/29/2023,14:44:49,66.51799,51.44138,28.27872,23.48965,29.33732,58.38987,1.996441,0.0018936,8.30514
183,8/29/2023,14:45:07,66.38516,51.47263,28.28653,23.52091,29.27091,58.2831,1.996441,0.0018936,7.857228
184,8/29/2023,14:45:25,66.39297,51.48044,28.3295,23.53653,29.31388,58.25768,1.996441,0.0018936,8.254938
185,8/29/2023,14:45:43,66.42423,51.46482,28.3295,23.48576,29.28653,58.23228,1.996441,0.001578,8.381033
186,8/29/2023,14:46:01,66.41642,51.48044,28.34513,23.52872,29.30216,58.65419,1.996441,0.001578,6.466614
187,8/29/2023,14:46:19,66.68984,51.63668,28.43497,23.54436,29.79824,59.88443,1.996441,0.0018936,6.331583
188,8/29/2023,14:46:37,66.83047,51.71481,28.43497,23.59512,30.20059,60.31147,1.996757,0.0018936,6.139375
189,8/29/2023,14:46:55,66.86954,51.84762,28.50138,23.5834,30.56778,60.70285,1.996757,0.001578,6.449775
190,8/29/2023,14:47:13,66.94766,51.87888,28.55997,23.59123,30.60293,60.80965,1.996757,0.0018936,6.466505
191,8/29/2023,14:47:31,66.93204,51.86325,28.69278,23.4467,30.66153,60.67746,1.996757,0.0018936,6.628325
192,8/29/2023,14:47:49,66.96328,51.87106,28.78653,23.20841,30.64981,60.57072,1.996441,0.0018936,6.683436
193,8/29/2023,14:48:07,66.90079,51.87888,28.83731,23.10684,30.59904,60.54527,1.996441,0.0018936,6.347672
194,8/29/2023,14:48:25,66.88515,51.83981,28.91934,23.06387,30.50918,60.31147,1.996757,0.0018936,6.54844
195,8/29/2023,14:48:43,66.83047,51.80856,28.98575,23.02871,30.52483,59.90981,1.996757,0.0018936,6.439909
196,8/29/2023,14:49:01,66.83047,51.76168,28.98575,22.93496,30.38029,59.70653,1.996757,0.0018936,6.499001
197,8/29/2023,14:49:19,66.75234,51.75387,29.05216,22.91544,30.33732,59.65055,1.996757,0.0018936,6.381884
198,8/29/2023,14:49:37,66.80703,51.707,29.0834,22.89981,30.34513,59.56926,1.996441,0.0018936,6.388534
199,8/29/2023,14:49:55,66.7289,51.72262,29.0756,22.86465,30.43497,59.36082,1.996441,0.0018936,6.288142
200,8/29/2023,14:50:13,66.70547,51.67574,29.09903,22.81387,30.28653,59.41675,1.996441,0.0018936,6.439371
201,8/29/2023,14:50:31,66.65078,51.64449,29.142,22.80215,30.25138,59.07108,1.996126,0.0018936,6.379846
202,8/29/2023,14:50:49,66.58047,51.59762,29.11465,22.77871,30.27482,58.86772,1.996126,0.0018936,6.504042
203,8/29/2023,14:51:07,66.58829,51.55856,29.14981,22.75918,30.25919,58.80672,1.996126,0.0018936,6.536107
204,8/29/2023,14:51:25,66.45547,51.56637,29.16544,22.80215,30.12247,58.60336,1.996126,0.0018936,6.436153
205,8/29/2023,14:51:43,66.44766,51.48044,29.14591,22.80997,30.05606,58.4661,1.996126,0.0018936,6.458676
206,8/29/2023,14:52:01,66.50235,51.5117,29.15372,22.73965,30.06387,58.49152,1.996126,0.0018936,6.372338
207,8/29/2023,14:52:19,66.46328,51.49606,29.1381,22.80606,30.13028,58.49152,1.996126,0.0018936,6.649877
208,8/29/2023,14:52:37,66.35392,51.48044,29.14591,22.75528,30.05216,58.41529,1.996126,0.0018936,6.453099
209,8/29/2023,14:52:55,66.47892,51.5117,29.20451,22.73965,29.9584,58.41529,1.996126,0.0018936,6.488813
210,8/29/2023,14:53:13,66.56487,51.48044,29.16934,22.77871,30.00137,58.38987,1.996126,0.0018936,5.889804
211,8/29/2023,14:53:31,66.54922,51.48825,29.12638,22.76309,29.9584,58.80672,1.996126,0.0018936,6.186352
212,8/29/2023,14:53:49,66.54922,51.55856,29.12638,22.79434,30.22012,59.07108,1.996441,0.0018936,6.312385
213,8/29/2023,14:54:07,66.61172,51.59762,29.16544,22.80215,30.30216,59.02024,1.996441,0.0018936,5.850769
214,8/29/2023,14:54:25,66.63515,51.57418,29.20059,22.83731,30.33732,59.15239,1.996441,0.0018936,5.886372
215,8/29/2023,14:54:43,66.6039,51.58981,29.18888,22.80215,30.39982,59.15239,1.996441,0.0018936,6.376414
216,8/29/2023,14:55:01,66.70547,51.59762,29.21622,22.75137,30.32559,59.15239,1.996441,0.0018936,6.026541
217,8/29/2023,14:55:19,66.61953,51.60543,29.24747,22.63027,30.28263,58.96939,1.996441,0.0018936,5.999297
218,8/29/2023,14:55:37,66.65078,51.61324,29.25528,22.61465,30.392,59.04566,1.996441,0.0018936,6.32547
219,8/29/2023,14:55:55,66.62734,51.51951,29.28263,22.63809,30.21622,58.60336,1.996441,0.0018936,6.242986
220,8/29/2023,14:56:13,66.65859,51.57418,29.31388,22.6459,30.29825,58.73046,1.996441,0.0018936,5.420313
221,8/29/2023,14:56:31,66.73672,51.62887,29.29825,22.73184,30.02871,60.38768,1.996441,0.0018936,4.199906
222,8/29/2023,14:56:49,67.06484,51.91793,29.37247,22.73184,30.86074,62.2025,1.996441,0.0018936,4.325465
223,8/29/2023,14:57:07,67.28359,52.19138,29.48965,22.7709,32.15762,62.80749,1.996126,0.0018936,4.118224
224,8/29/2023,14:57:25,67.29141,52.30075,29.66543,22.7709,32.63418,63.35653,1.996126,0.0018936,4.235501
225,8/29/2023,14:57:43,67.31485,52.3945,29.79043,22.82168,32.90762,63.72246,1.996126,0.0018936,3.836071
226,8/29/2023,14:58:01,67.46328,52.44918,29.97793,22.75528,33.16544,64.06814,1.996441,0.0018936,4.351561
227,8/29/2023,14:58:19,67.47112,52.52732,30.05997,22.73574,33.29825,64.35797,1.996441,0.0018936,4.24508
228,8/29/2023,14:58:37,67.47112,52.52732,30.23575,22.61074,33.50137,64.33251,1.996441,0.0018936,4.137363
229,8/29/2023,14:58:55,67.44766,52.52732,30.41544,22.43107,33.47795,64.45966,1.996441,0.0022092,4.026659
230,8/29/2023,14:59:13,67.54922,52.53513,30.5717,22.28653,33.57951,64.27656,1.996126,0.0018936,4.222358
231,8/29/2023,14:59:31,67.46328,52.54293,30.73184,22.06387,33.54044,63.93607,1.996126,0.0018936,4.088722
232,8/29/2023,14:59:49,67.41642,52.47263,30.80606,21.88419,33.54044,63.4073,1.996441,0.0018936,4.248168
233,8/29/2023,15:00:07,67.28359,52.43357,30.91544,21.81387,33.52482,63.4073,1.996441,0.0018936,4.178789
234,8/29/2023,15:00:25,67.30704,52.36326,30.98965,21.61074,33.42326,62.965,1.996126,0.0018936,4.107379
235,8/29/2023,15:00:43,67.18985,52.26169,31.09121,21.4545,33.44669,62.56855,1.996126,0.0018936,4.278079
236,8/29/2023,15:01:01,67.10391,52.2695,31.19669,21.43889,33.28262,62.27871,1.996126,0.0018936,4.108071
237,8/29/2023,15:01:19,67.18204,52.16012,31.25528,21.31779,33.23575,61.98901,1.996126,0.001578,3.79742
238,8/29/2023,15:01:37,67.11173,52.16012,31.28263,21.267,33.26699,61.88733,1.995811,0.0018936,4.079953
239,8/29/2023,15:01:55,67.04922,52.12106,31.33732,21.24747,33.17325,61.36375,1.996126,0.0018936,3.968454
240,8/29/2023,15:02:13,66.98672,52.05857,31.32169,21.18106,33.12637,61.1502,1.996126,0.0022092,4.171026
241,8/29/2023,15:02:31,66.9164,52.03513,31.3959,21.13028,33.0795,60.83504,1.996126,0.0022092,4.176821
242,8/29/2023,15:02:49,66.90079,51.98824,31.38029,21.1381,32.98574,60.88588,1.995811,0.0022092,4.141938
243,8/29/2023,15:03:07,66.90079,51.8945,31.35293,21.16154,32.93887,60.57072,1.996126,0.0022092,4.238482
244,8/29/2023,15:03:25,67.00235,51.92575,31.3881,21.11857,32.89199,60.51989,1.996126,0.0022092,4.208844
245,8/29/2023,15:03:43,66.83828,51.87888,31.36076,21.04044,32.94668,60.19959,1.996126,0.0022092,4.094195
246,8/29/2023,15:04:01,66.9164,51.86325,31.36856,21.05606,32.86074,60.19959,1.996126,0.0022092,4.162248
247,8/29/2023,15:04:19,66.7914,51.83199,31.38419,21.01309,32.84512,60.09792,1.996126,0.0022092,4.175226
248,8/29/2023,15:04:37,66.79922,51.83981,31.392,21.0209,32.7748,60.07252,1.996126,0.0022092,4.165176
249,8/29/2023,15:04:55,66.80703,51.79293,31.35293,20.97793,32.75918,59.97085,1.996126,0.0018936,4.095524
250,8/29/2023,15:05:13,66.73672,51.82419,31.25138,20.9545,32.68105,59.90981,1.996126,0.0022092,4.01476
251,8/29/2023,15:05:31,66.74453,51.77731,31.3334,20.93496,32.76699,60.09792,1.995811,0.0022092,4.191129
252,8/29/2023,15:05:49,66.75234,51.78512,31.29045,20.94278,32.72012,60.09792,1.996126,0.0022092,3.982578
253,8/29/2023,15:06:07,66.73672,51.7695,31.29825,20.95059,32.72793,59.99623,1.995811,0.0022092,4.175332
254,8/29/2023,15:06:25,66.74453,51.77731,31.3334,20.93106,32.68887,60.19959,1.996126,0.0018936,4.151347
255,8/29/2023,15:06:43,67.12734,52.00387,31.29045,21.11857,32.5717,63.77335,1.995811,0.0022092,2.125029
256,8/29/2023,15:07:01,67.6039,52.42576,31.49749,21.20451,32.47795,66.74721,1.995811,0.0018936,2.137053
257,8/29/2023,15:07:19,68.00235,52.98824,31.65762,21.21231,33.46231,69.14162,1.996126,0.0022092,2.130964
258,8/29/2023,15:07:37,68.26015,53.30075,31.90762,21.31388,35.43888,70.55978,1.995811,0.0018936,2.053482
259,8/29/2023,15:07:55,68.45547,53.51951,32.18888,21.27091,36.8373,71.89691,1.995811,0.0022092,2.257089
260,8/29/2023,15:08:13,68.6039,53.83981,32.52482,21.38029,37.66543,72.89823,1.996126,0.0018936,2.204682
261,8/29/2023,15:08:31,68.74453,54.00387,32.85293,21.38029,38.30606,73.86916,1.996126,0.0022092,2.248909
262,8/29/2023,15:08:49,68.90079,54.19138,33.19668,21.4467,38.96231,74.60636,1.996126,0.0022092,2.211816
263,8/29/2023,15:09:07,69.01016,54.35544,33.49356,21.47404,39.23575,75.58263,1.995811,0.0022092,2.089854
264,8/29/2023,15:09:25,69.08828,54.44138,33.93106,21.53263,39.64199,76.18709,1.996126,0.0022092,2.158645
265,8/29/2023,15:09:43,69.18985,54.51951,34.23575,21.51699,39.94668,76.34007,1.996126,0.0022092,2.035034
266,8/29/2023,15:10:01,69.29141,54.66793,34.61855,21.52483,40.25138,77.0261,1.995811,0.0022092,2.078797
267,8/29/2023,15:10:19,69.31485,54.64449,34.86856,21.52483,40.39982,77.07674,1.995811,0.0022092,2.156701
268,8/29/2023,15:10:37,69.33048,54.75387,35.23575,21.48576,40.61074,77.65668,1.995811,0.0022092,2.150245
269,8/29/2023,15:10:55,69.37736,54.77731,35.43106,21.43497,40.68887,77.78888,1.995811,0.0022092,2.288677
270,8/29/2023,15:11:13,69.36172,54.88668,35.86856,21.27091,40.84512,78.20572,1.995811,0.0022092,2.163726
271,8/29/2023,15:11:31,69.41642,54.91793,36.07168,21.14591,40.97012,78.49516,1.995811,0.0018936,2.216512
272,8/29/2023,15:11:49,69.44766,54.92575,36.27481,21.10294,41.0795,78.25636,1.995811,0.0022092,2.026551
273,8/29/2023,15:12:07,69.36172,54.93356,36.55606,20.88028,41.20451,78.44453,1.995811,0.0018936,2.209509
274,8/29/2023,15:12:25,69.43986,54.94137,36.71231,20.73184,41.31388,78.52074,1.995811,0.0018936,2.225548
275,8/29/2023,15:12:43,69.49454,54.94918,36.97012,20.61074,41.36856,78.36829,1.995811,0.0022092,2.194692
276,8/29/2023,15:13:01,69.40079,54.90231,37.24356,20.40763,41.44669,78.07832,1.995811,0.0022092,2.048358
277,8/29/2023,15:13:19,69.43204,54.91013,37.32949,20.30997,41.4545,78.20572,1.995811,0.0022092,2.042718
278,8/29/2023,15:13:37,69.43204,54.88668,37.54825,20.15762,41.54825,77.92107,1.996126,0.0018936,2.055759
279,8/29/2023,15:13:55,69.41642,54.86325,37.68105,20.05997,41.70449,77.68175,1.996126,0.0022092,1.973138
280,8/29/2023,15:14:13,69.41642,54.79293,37.93106,19.85293,41.68105,77.58045,1.996126,0.0022092,2.174928
281,8/29/2023,15:14:31,69.42423,54.77731,38.00918,19.83731,41.66543,77.58045,1.996126,0.0022092,1.89464
282,8/29/2023,15:14:49,69.37736,54.84762,38.16544,19.73184,41.64199,77.73292,1.995811,0.0018936,2.059486
283,8/29/2023,15:15:07,69.37736,54.82419,38.25919,19.65762,41.68887,77.94613,1.995811,0.0022092,1.96407
284,8/29/2023,15:15:25,69.44766,54.87106,38.36075,19.57951,41.71231,77.92107,1.996126,0.0022092,2.167176
285,8/29/2023,15:15:43,69.38516,54.80856,38.46231,19.50918,41.86856,77.58045,1.996126,0.0018936,2.128526
286,8/29/2023,15:16:01,69.47892,54.85544,38.63418,19.48184,42.017,77.7633,1.996126,0.0022092,1.958852
287,8/29/2023,15:16:19,69.48673,54.91793,38.69668,19.46623,42.07168,77.70732,1.996126,0.0022092,1.895079
288,8/29/2023,15:16:37,67.67422,53.957,38.64199,17.52872,31.89199,60.88588,1.996126,0.0022092,12.26191
289,8/29/2023,15:16:55,65.83047,51.332,37.78262,16.43889,25.75528,50.55687,1.996126,0.0025247,12.26766
290,8/29/2023,15:17:42,64.95547,49.5117,34.22012,22.16154,25.88419,47.64433,1.996126,0.0022092,12.32075
291,8/29/2023,15:18:00,65.11954,49.68356,33.67324,23.10684,26.8959,48.849,1.996126,0.0022092,12.38501
292,8/29/2023,15:18:18,65.21329,49.85544,33.34512,23.54044,27.27482,49.95134,1.996126,0.0022092,12.33955
293,8/29/2023,15:18:36,65.38516,49.957,33.0795,23.8295,27.53653,50.40549,1.996126,0.0025247,12.24724
294,8/29/2023,15:18:54,65.4086,50.12888,32.75137,23.9545,27.81778,51.08138,1.996126,0.0025247,12.4529
295,8/29/2023,15:19:12,65.61953,50.19919,32.52482,24.10684,27.94278,51.55899,1.996126,0.0025247,12.32471
296,8/29/2023,15:19:30,65.65078,50.29293,32.32169,24.20841,28.04434,52.18797,1.996126,0.0022092,12.42647
297,8/29/2023,15:19:48,65.71328,50.3867,32.08731,24.27872,28.0834,52.4481,1.996126,0.0025247,12.25795
298,8/29/2023,15:20:06,65.86954,50.48044,31.83731,24.27872,28.11075,53.02805,1.996126,0.0022092,12.40891
299,8/29/2023,15:20:24,65.77578,50.48044,31.68887,24.3295,28.16154,53.24126,1.996126,0.0025247,12.22898
300,8/29/2023,15:20:42,65.8539,50.58199,31.48576,24.30606,28.18497,53.55044,1.996126,0.0025247,12.32827
301,8/29/2023,15:21:00,65.94766,50.62887,31.41153,24.35685,28.13418,53.8404,1.995811,0.0022092,12.1992
302,8/29/2023,15:21:18,65.90079,50.67574,31.21231,24.35685,28.21231,53.95341,1.995811,0.0022092,12.74497
303,8/29/2023,15:21:36,65.97891,50.68356,31.06778,24.41544,28.16934,54.36918,1.996126,0.0022092,12.72308
304,8/29/2023,15:21:54,65.99453,50.68356,30.86856,24.43889,28.11857,54.47579,1.996126,0.0022092,12.38955
305,8/29/2023,15:22:12,66.08047,50.76168,30.79824,24.52483,28.17715,54.57814,1.995811,0.0025247,12.71819
306,8/29/2023,15:22:30,66.10391,50.76168,30.64981,24.49749,28.17715,54.76577,1.996126,0.0022092,13.00451
307,8/29/2023,15:22:48,66.05704,50.86325,30.52091,24.52483,28.25138,54.99604,1.996126,0.0028404,12.84932
308,8/29/2023,15:23:06,66.08828,50.94137,30.40372,24.5834,28.25919,55.34572,1.996126,0.0025247,12.54839
309,8/29/2023,15:23:24,66.16641,50.92575,30.38419,24.64199,28.34122,55.23484,1.996126,0.0025247,12.66025
310,8/29/2023,15:23:42,66.14297,50.98043,30.25919,24.64199,28.24356,55.3969,1.996126,0.0025247,12.68395
311,8/29/2023,15:24:00,66.18985,50.94918,30.15762,24.61465,28.267,55.91926,1.996126,0.0025247,12.28332
312,8/29/2023,15:24:18,66.24454,51.01168,30.06387,24.64981,28.34903,55.84464,1.996126,0.0025247,12.79085
313,8/29/2023,15:24:36,66.26798,51.01168,30.09121,24.67324,28.30216,56.18366,1.996126,0.0025247,12.6283
314,8/29/2023,15:24:54,66.27579,51.08981,29.94668,24.7084,28.38419,56.33718,1.996126,0.0025247,13.11724
315,8/29/2023,15:25:12,66.29922,51.08981,29.87247,24.7084,28.35685,56.57596,1.996126,0.0025247,12.16582
316,8/29/2023,15:25:30,66.36954,51.12106,29.8295,24.71621,28.41544,56.65273,1.995811,0.0025247,12.8429
317,8/29/2023,15:25:48,66.26015,51.16794,29.72793,24.66543,28.34122,56.68258,1.996126,0.0025247,12.36624
318,8/29/2023,15:26:06,66.33048,51.16794,29.70449,24.66543,28.34122,56.73802,1.996126,0.0025247,12.6336
319,8/29/2023,15:26:24,66.33048,51.19138,29.67715,24.68887,28.41544,56.97255,1.996126,0.0022092,12.49251
320,8/29/2023,15:26:42,66.37736,51.23045,29.61074,24.72403,28.39982,57.04932,1.996126,0.0025247,12.2746
321,8/29/2023,15:27:00,66.44766,51.17575,29.59123,24.65371,28.40763,57.26253,1.996126,0.0025247,12.37158
322,8/29/2023,15:27:18,66.38516,51.23825,29.51699,24.65371,28.38029,57.33928,1.996126,0.0022092,12.45113
323,8/29/2023,15:27:36,66.38516,51.24606,29.47404,24.68887,28.36466,57.3884,1.996126,0.0025247,12.14315
324,8/29/2023,15:27:54,66.49454,51.30075,29.43107,24.66934,28.4467,57.60191,1.996126,0.0025247,11.73872
325,8/29/2023,15:28:12,66.51799,51.30075,29.38029,24.66934,28.3959,57.55108,1.996126,0.0025247,11.2079
326,8/29/2023,15:28:30,66.50235,51.332,29.36466,24.70449,28.7084,57.96792,1.996126,0.0025247,9.916966
327,8/29/2023,15:28:48,66.54922,51.42576,29.31388,24.67715,28.73184,57.84084,1.995811,0.0025247,12.28649
328,8/29/2023,15:29:06,66.51015,51.36326,29.34513,24.53263,28.41153,57.99334,1.996126,0.0025247,12.58906
329,8/29/2023,15:29:24,66.44766,51.37107,29.27872,24.46623,28.22012,57.96792,1.996126,0.0025247,12.72308
330,8/29/2023,15:29:42,66.49454,51.32419,29.23575,24.57559,28.22794,58.07468,1.996126,0.0025247,12.88338
331,8/29/2023,15:30:00,66.52579,51.35544,29.18497,24.64981,28.25138,57.99334,1.996126,0.0025247,12.67573
332,8/29/2023,15:30:18,66.43986,51.36326,29.16934,24.63418,28.30997,58.15603,1.995811,0.0022092,12.83296
333,8/29/2023,15:30:36,66.46328,51.36326,29.16934,24.65762,28.25919,58.07468,1.996126,0.0025247,12.56608
334,8/29/2023,15:30:54,66.51799,51.3945,29.09903,24.64199,28.31779,58.38987,1.995811,0.0022092,12.52538
335,8/29/2023,15:31:12,66.61953,51.42576,29.0834,24.67324,28.37637,58.15603,1.995811,0.0025247,12.41937
336,8/29/2023,15:31:30,66.59609,51.44918,29.05606,24.67324,28.35293,58.4407,1.995811,0.0025247,12.4801
337,8/29/2023,15:31:48,66.67422,51.45699,29.01309,24.63027,28.3334,58.51694,1.995811,0.0022092,12.75044
338,8/29/2023,15:32:06,66.65859,51.48825,29.04824,24.66543,28.34122,58.54746,1.995811,0.0022092,12.38501
339,8/29/2023,15:32:24,66.65859,51.46482,28.97403,24.66543,28.36856,58.54746,1.995811,0.0025247,12.69628
340,8/29/2023,15:32:42,66.70547,51.5117,28.99747,24.66543,28.34122,58.4407,1.996126,0.0025247,12.60594
341,8/29/2023,15:33:00,66.68984,51.51951,28.9545,24.69668,28.37637,58.60336,1.995811,0.0025247,11.50237
342,8/29/2023,15:33:18,66.64297,51.56637,28.90371,24.67324,28.37637,58.57288,1.995811,0.0025247,12.3528
343,8/29/2023,15:33:36,66.71328,51.54293,28.93106,24.67324,28.34903,58.73046,1.995811,0.0025247,12.524
344,8/29/2023,15:33:54,66.67422,51.55074,28.91153,24.68106,28.40763,58.80672,1.995811,0.0025247,12.10434
345,8/29/2023,15:34:12,66.69765,51.59762,28.83731,24.70449,28.45842,58.89314,1.996126,0.0025247,12.46276
346,8/29/2023,15:34:30,66.76797,51.59762,28.83731,24.68106,28.38419,58.86772,1.995811,0.0022092,11.89805
347,8/29/2023,15:34:48,66.7914,51.55074,28.80997,24.63027,28.35685,59.17781,1.996126,0.0025247,12.7088
348,8/29/2023,15:35:06,66.76797,51.67574,28.73574,24.65371,28.35685,59.17781,1.996126,0.0025247,12.08263
349,8/29/2023,15:35:24,66.79922,51.60543,28.767,24.66153,28.392,58.9948,1.996126,0.0025247,12.49999
350,8/29/2023,15:35:42,66.77578,51.66012,28.69278,24.68887,28.34122,59.02024,1.996126,0.0022092,12.44009
351,8/29/2023,15:36:00,66.73672,51.64449,28.64981,24.69668,28.34903,59.3354,1.995811,0.0022092,12.29738
352,8/29/2023,15:36:18,66.76797,51.67574,28.63418,24.67715,28.30606,59.17781,1.996126,0.0022092,12.46296
353,8/29/2023,15:36:36,66.76797,51.65231,28.5834,24.70449,28.43107,59.28456,1.996126,0.0025247,12.21271
354,8/29/2023,15:36:54,66.83828,51.69918,28.50529,24.67715,28.3295,59.51842,1.996126,0.0022092,12.62889
355,8/29/2023,15:37:12,66.79922,51.707,28.54044,24.68496,28.41544,59.36082,1.996126,0.0025247,11.7353
356,8/29/2023,15:37:30,66.87735,51.71481,28.52091,24.72012,28.42326,59.56926,1.996126,0.0025247,12.8719
357,8/29/2023,15:37:48,66.8539,51.71481,28.54825,24.66934,28.47404,59.75737,1.996126,0.0025247,12.19245
358,8/29/2023,15:38:06,66.88515,51.69918,28.50529,24.64981,28.43107,59.70653,1.995811,0.0022092,11.96827
359,8/29/2023,15:38:24,66.88515,51.72262,28.50529,24.62637,28.40372,59.59972,1.996126,0.0025247,12.45448
360,8/29/2023,15:38:42,66.89297,51.77731,28.48965,24.65762,28.3881,59.73191,1.996126,0.0025247,12.74907
361,8/29/2023,15:39:00,66.8461,51.707,28.5131,24.63418,28.41153,59.70653,1.996126,0.0025247,12.21271
362,8/29/2023,15:39:18,66.86954,51.73043,28.46231,24.60684,28.36076,59.59972,1.996126,0.0025247,12.08223
363,8/29/2023,15:39:36,66.83047,51.69137,28.49749,24.66543,28.36856,59.56926,1.996126,0.0022092,12.57197
364,8/29/2023,15:39:54,66.80703,51.66793,28.52872,24.70059,28.37637,59.38623,1.996126,0.0022092,12.64124
365,8/29/2023,15:40:12,66.7914,51.69918,28.50529,24.75137,28.37637,59.65055,1.996126,0.0025247,12.58375
366,8/29/2023,15:40:30,66.88515,51.66793,28.50529,24.67324,28.32559,59.59972,1.996126,0.0025247,12.59868
367,8/29/2023,15:40:48,66.86172,51.72262,28.47795,24.70059,28.30216,59.51842,1.996126,0.0022092,12.06808
368,8/29/2023,15:41:06,66.86954,51.707,28.5131,24.73184,28.38419,59.56926,1.996126,0.0025247,12.296
369,8/29/2023,15:41:24,66.93984,51.707,28.5131,24.75918,28.36076,59.59972,1.996126,0.0025247,12.59848
370,8/29/2023,15:41:42,66.82265,51.75387,28.5131,24.7084,28.41153,59.56926,1.996126,0.0025247,12.95721
371,8/29/2023,15:42:00,66.83047,51.71481,28.52091,24.71621,28.34122,59.62518,1.996126,0.0022092,12.49034
372,8/29/2023,15:42:18,66.87735,51.73824,28.47012,24.73965,28.34122,59.68108,1.996126,0.0025247,12.61889
373,8/29/2023,15:42:36,66.86172,51.72262,28.50138,24.72403,28.32559,59.85904,1.996126,0.0025247,12.33321
374,8/29/2023,15:42:54,66.83828,51.74606,28.50138,24.74746,28.42716,59.78275,1.996126,0.0025247,12.60908
375,8/29/2023,15:43:12,66.86172,51.72262,28.50138,24.72403,28.34903,59.44217,1.996126,0.0025247,12.88475
376,8/29/2023,15:43:30,66.81485,51.74606,28.50138,24.69668,28.39982,59.62518,1.996126,0.0025247,12.69413
377,8/29/2023,15:43:48,66.83828,51.72262,28.47795,24.72403,28.32559,59.73191,1.996126,0.0025247,12.16224
378,8/29/2023,15:44:06,66.83828,51.74606,28.47795,24.72403,28.37637,59.68108,1.996126,0.0025247,12.64301
379,8/29/2023,15:44:24,66.82265,51.73043,28.50918,24.70449,28.38419,59.8082,1.996126,0.0025247,12.69843
380,8/29/2023,15:44:42,66.82265,51.69918,28.50918,24.73184,28.40763,59.93527,1.996126,0.0025247,10.32224
381,8/29/2023,15:45:00,66.94766,51.78512,28.51699,24.76309,28.97013,60.48937,1.995811,0.0025247,10.43714
382,8/29/2023,15:45:18,66.92422,51.83199,28.51699,24.71231,29.09903,60.72829,1.996126,0.0025247,10.21542
383,8/29/2023,15:45:36,67.01797,51.87888,28.51699,24.63809,29.14591,60.91133,1.996126,0.0025247,10.39121
384,8/29/2023,15:45:54,66.9711,51.87888,28.57559,24.3881,29.0795,60.65208,1.995811,0.0022092,9.565972
385,8/29/2023,15:46:12,66.90859,51.83981,28.57559,24.36466,29.02871,60.62662,1.996126,0.0025247,10.04265
386,8/29/2023,15:46:30,66.96328,51.84762,28.65762,24.29435,29.01309,60.41314,1.996126,0.0025247,10.14978
387,8/29/2023,15:46:48,66.93984,51.80074,28.60684,24.22012,28.96231,60.19959,1.996126,0.0025247,10.13772
388,8/29/2023,15:47:06,66.9164,51.75387,28.66543,24.20059,28.94278,60.14875,1.996126,0.0025247,9.840151
389,8/29/2023,15:47:24,66.8539,51.76168,28.64199,24.14981,28.91934,60.09792,1.996126,0.0025247,9.868547
390,8/29/2023,15:47:42,66.81485,51.7695,1.00E-30,24.13418,29.02871,59.85904,1.996126,0.0025247,9.814243
391,8/29/2023,15:48:00,66.81485,51.69137,28.70059,24.10684,29.00137,59.85904,1.996126,0.0025247,9.918636
392,8/29/2023,15:48:18,66.8461,51.72262,28.7084,24.04044,29.00918,59.90981,1.996126,0.0028404,9.771185
393,8/29/2023,15:48:36,66.8461,51.67574,28.68106,24.06387,28.90762,59.62518,1.996126,0.0025247,9.789581
394,8/29/2023,15:48:54,66.79922,51.69918,28.73184,24.01309,28.86074,59.73191,1.996126,0.0028404,9.829917
395,8/29/2023,15:49:12,66.8461,51.67574,28.65762,24.01309,28.8334,59.62518,1.996126,0.0028404,10.11922
396,8/29/2023,15:49:30,66.78359,51.61324,28.66543,24.0209,28.73965,59.493,1.996126,0.0025247,9.740023
397,8/29/2023,15:49:48,66.74453,51.66793,28.62246,24.02871,28.82559,59.41675,1.996126,0.0025247,9.967226
398,8/29/2023,15:50:06,66.74453,51.64449,28.6459,24.00528,28.79824,59.30998,1.996126,0.0025247,9.925312
399,8/29/2023,15:50:24,66.67422,51.64449,28.67324,23.97793,28.77481,59.46759,1.996126,0.0025247,9.886083
400,8/29/2023,15:50:42,66.72109,51.58199,28.63027,24.01309,28.8334,59.17781,1.996126,0.0025247,9.79648
401,8/29/2023,15:51:00,66.7289,51.55856,28.63027,23.96231,28.73184,59.28456,1.996126,0.0025247,10.0414
402,8/29/2023,15:51:18,66.6664,51.58981,28.58732,24.0209,28.71231,59.23371,1.996126,0.0025247,9.693777
403,8/29/2023,15:51:36,66.71328,51.61324,28.58732,23.99356,28.73965,59.25915,1.996126,0.0025247,9.806512
404,8/29/2023,15:51:54,66.71328,51.56637,28.5131,23.97013,28.73965,59.04566,1.996126,0.0025247,9.919888
405,8/29/2023,15:52:15,66.6664,51.51951,28.56389,23.99356,28.76309,59.04566,1.996126,0.0025247,9.800241
406,8/29/2023,15:52:33,66.72109,51.49606,28.5717,24.05216,28.7709,59.17781,1.996126,0.0025247,9.95305
407,8/29/2023,15:52:51,66.7289,51.58199,28.60293,23.98575,28.70449,59.28456,1.996126,0.0025247,9.775158
408,8/29/2023,15:53:09,66.70547,51.58199,28.57951,23.98575,28.75528,59.25915,1.996126,0.0025247,10.1743
409,8/29/2023,15:53:27,66.75234,51.58199,28.52872,23.98575,28.70449,59.25915,1.995811,0.0022092,9.978901
410,8/29/2023,15:53:45,66.77578,51.55856,28.55217,23.9584,28.67715,59.36082,1.996126,0.0022092,9.95305
411,8/29/2023,15:54:03,66.7289,51.55856,28.45059,23.98575,28.70449,59.28456,1.996126,0.0025247,10.0901
412,8/29/2023,15:54:21,66.70547,51.55856,28.47795,23.98575,28.70449,59.36082,1.996126,0.0025247,9.997447
413,8/29/2023,15:54:39,66.65078,51.54293,28.53653,23.99356,28.63809,59.51842,1.996126,0.0025247,8.041154
414,8/29/2023,15:54:57,66.83047,51.66012,28.48576,23.99356,29.21622,60.14875,1.996126,0.0025247,8.073967
415,8/29/2023,15:55:15,66.88515,51.71481,28.51699,24.00137,29.60293,60.5961,1.996126,0.0025247,8.018987
416,8/29/2023,15:55:33,66.93204,51.76168,28.56778,23.97403,29.77871,60.65208,1.996126,0.0028404,8.004493
417,8/29/2023,15:55:51,66.89297,51.79293,28.62637,23.85293,29.76309,60.62662,1.996126,0.0025247,7.946286
418,8/29/2023,15:56:09,66.9164,51.79293,28.65371,23.72793,29.71231,60.70285,1.996441,0.0025247,7.947566
419,8/29/2023,15:56:27,66.89297,51.74606,28.72793,23.57559,29.63418,60.31147,1.995811,0.0022092,8.019199
420,8/29/2023,15:56:45,66.89297,51.72262,28.80215,23.49749,29.50918,60.04707,1.996126,0.0025247,7.811027
421,8/29/2023,15:57:03,66.82265,51.72262,28.80215,23.49749,29.5834,60.02169,1.996126,0.0025247,8.017495
422,8/29/2023,15:57:21,66.79922,51.65231,28.80215,23.42326,29.48576,59.68108,1.996126,0.0025247,7.938397
423,8/29/2023,15:57:39,66.77578,51.62887,28.8295,23.34903,29.45842,59.85904,1.996126,0.0025247,7.988291
424,8/29/2023,15:57:57,66.78359,51.63668,28.86074,23.38029,29.44278,59.36082,1.996126,0.0025247,7.878782
425,8/29/2023,15:58:15,66.74453,51.59762,28.86856,23.36466,29.39982,59.20833,1.996126,0.0025247,7.931145
426,8/29/2023,15:58:33,66.74453,51.62106,28.86856,23.30997,29.39982,59.41675,1.996126,0.0025247,8.019415
427,8/29/2023,15:58:51,66.74453,51.57418,28.8959,23.30997,29.34903,59.12698,1.996126,0.0025247,7.954391
428,8/29/2023,15:59:09,66.63515,51.51951,28.86856,23.33732,29.34903,59.17781,1.995811,0.0025247,8.08739
429,8/29/2023,15:59:27,66.68203,51.49606,28.86856,23.28653,29.34903,59.07108,1.996126,0.0025247,8.039874
430,8/29/2023,15:59:45,66.65859,51.49606,28.86856,23.30997,29.32169,58.86772,1.996126,0.0025247,7.997459
431,8/29/2023,16:00:03,66.69765,51.50389,28.82559,23.34513,29.30606,58.89314,1.995811,0.0025247,7.911522
432,8/29/2023,16:00:21,66.70547,51.52732,28.80215,23.29435,29.3295,58.9948,1.996126,0.0025247,7.887635
433,8/29/2023,16:00:39,66.61953,51.52732,28.80215,23.267,29.3295,59.09649,1.996126,0.0025247,7.905765
434,8/29/2023,16:00:57,66.61953,51.48044,28.77481,23.31779,29.40763,59.07108,1.996126,0.0025247,7.95631
435,8/29/2023,16:01:15,66.59609,51.48044,28.80215,23.267,29.27872,58.86772,1.996126,0.0028404,8.090796
436,8/29/2023,16:01:33,66.65078,51.48825,28.75918,23.25138,29.28653,58.83213,1.996126,0.0025247,8.11785
437,8/29/2023,16:01:51,66.62734,51.48825,28.73184,23.25138,29.21231,58.73046,1.996126,0.0025247,7.97955
438,8/29/2023,16:02:11,66.69765,51.46482,28.75918,23.30216,29.23965,59.02024,1.996441,0.0025247,7.552989
439,8/29/2023,16:02:29,66.76015,51.48825,28.78262,23.25138,29.33732,59.38623,1.996126,0.0022092,7.760324
440,8/29/2023,16:02:47,66.80703,51.48825,28.73184,23.27482,29.33732,59.28456,1.996126,0.0025247,7.928799
441,8/29/2023,16:03:05,66.87735,51.5117,28.7084,23.25138,29.36466,59.44217,1.996441,0.0025247,7.915789
442,8/29/2023,16:03:23,66.88515,51.51951,28.767,23.25919,29.4467,59.56926,1.996441,0.0025247,7.946286
443,8/29/2023,16:03:41,66.95547,51.51951,28.73965,23.25919,29.47404,59.46759,1.996757,0.0025247,7.821697
444,8/29/2023,16:03:59,66.93204,51.54293,28.73965,23.23185,29.3959,59.30998,1.996441,0.0025247,7.941808
445,8/29/2023,16:04:17,66.88515,51.54293,28.73965,23.23185,29.3959,59.51842,1.996441,0.0025247,8.031137
446,8/29/2023,16:04:35,66.95547,51.51951,28.71621,23.20841,29.42326,59.51842,1.996441,0.0022092,5.777425
447,8/29/2023,16:04:53,67.11954,51.59762,28.79043,23.30997,29.32169,60.57072,1.996757,0.0025247,6.175197
448,8/29/2023,16:05:11,67.23672,51.86325,28.87637,23.34122,30.48965,61.36375,1.996757,0.0025247,6.085852
449,8/29/2023,16:05:29,67.36172,51.94137,28.87637,23.29045,30.74356,61.72976,1.996757,0.0022092,6.068692
450,8/29/2023,16:05:47,67.35392,52.00387,28.99356,23.28263,30.88419,62.01445,1.996757,0.0025247,6.355285
451,8/29/2023,16:06:05,67.40079,52.02731,29.06778,23.23185,30.96231,62.03991,1.996757,0.0025247,6.052495
452,8/29/2023,16:06:23,67.40079,52.00387,29.11857,23.0795,31.03653,61.88733,1.996757,0.0025247,6.045418
453,8/29/2023,16:06:41,67.36172,52.03513,29.22794,22.85684,30.97013,61.70436,1.996757,0.0025247,5.946209
454,8/29/2023,16:06:59,67.29141,51.96481,29.30216,22.77871,30.91934,61.623,1.996757,0.0025247,6.08049
455,8/29/2023,16:07:17,67.24454,51.8945,29.35293,22.64981,30.81778,61.30272,1.996757,0.0025247,5.826106
456,8/29/2023,16:07:35,67.22891,51.92575,29.46231,22.60684,30.84902,61.20103,1.996757,0.0025247,5.856346
457,8/29/2023,16:07:53,67.22891,51.84762,29.43889,22.53263,30.77481,60.88588,1.996757,0.0022092,6.182383
458,8/29/2023,16:08:11,67.18204,51.82419,29.5131,22.42716,30.70059,60.57072,1.996757,0.0025247,5.72103
459,8/29/2023,16:08:29,67.18204,51.80074,29.56389,22.4545,30.64981,60.48937,1.996757,0.0025247,5.905459
460,8/29/2023,16:08:47,67.16641,51.75387,29.56389,22.37637,30.64981,60.38768,1.996757,0.0025247,5.8616
461,8/29/2023,16:09:05,67.14297,51.76168,29.5717,22.38419,30.57951,60.3623,1.996757,0.0025247,6.048848
462,8/29/2023,16:09:23,67.11954,51.73824,29.5717,22.36076,30.73184,60.19959,1.996757,0.0025247,6.128005
463,8/29/2023,16:09:41,67.11954,51.69137,29.5717,22.30997,30.65762,60.04707,1.996757,0.0022092,5.992433
464,8/29/2023,16:09:59,67.15078,51.69918,29.60684,22.3334,30.60684,59.97085,1.996757,0.0025247,5.43124
465,8/29/2023,16:10:17,67.05704,51.67574,29.55606,22.31779,30.58732,59.93527,1.996757,0.0025247,5.96723
466,8/29/2023,16:10:35,67.15078,51.69918,29.60684,22.31779,1.00E-30,59.78275,1.996757,0.0025247,5.892056
467,8/29/2023,16:10:53,67.08047,51.67574,29.63027,22.31779,30.58732,59.85904,1.996757,0.0025247,6.015815
468,8/29/2023,16:11:11,67.0336,51.65231,29.60684,22.29045,30.53653,59.85904,1.996441,0.0025247,5.728427
469,8/29/2023,16:11:29,67.10391,51.67574,29.68106,22.29045,30.53653,59.73191,1.996757,0.0025247,6.184314
470,8/29/2023,16:11:47,67.12734,51.67574,29.63027,22.31779,30.58732,59.65055,1.996441,0.0022092,5.728642
471,8/29/2023,16:12:05,67.10391,51.67574,29.65371,22.31779,30.56389,59.73191,1.996441,0.0025247,6.117171
472,8/29/2023,16:12:23,67.12734,51.65231,29.65371,22.31779,30.53653,59.78275,1.996757,0.0022092,6.0082
473,8/29/2023,16:12:41,67.12734,51.65231,29.63027,22.26309,30.56389,59.68108,1.996441,0.0022092,5.924548
474,8/29/2023,16:12:59,67.08047,51.67574,29.63027,22.26309,30.5131,59.65055,1.996441,0.0022092,5.85227
475,8/29/2023,16:13:17,67.1586,51.73043,29.63809,22.34903,30.62246,59.65055,1.996757,0.0022092,5.789434
476,8/29/2023,16:13:35,67.22891,51.707,29.63809,22.32559,30.67324,59.56926,1.996757,0.0025247,5.869963
477,8/29/2023,16:13:53,67.1586,51.66012,29.63809,22.29825,30.62246,59.62518,1.996757,0.0025247,5.328518
478,8/29/2023,16:14:11,67.1586,51.63668,29.66153,22.27091,30.5717,59.51842,1.996441,0.0025247,5.916721
479,8/29/2023,16:15:03,67.55705,51.97263,29.71231,22.34903,30.6459,62.51765,1.996757,0.0022092,4.287929
480,8/29/2023,16:15:21,67.72109,52.21482,29.79043,22.42716,32.20451,63.14811,1.996757,0.0025247,4.18044
481,8/29/2023,16:15:39,67.69765,52.37889,29.96622,22.42716,32.90762,63.85971,1.996757,0.0025247,4.177194
482,8/29/2023,16:15:57,67.8461,52.45699,30.14981,22.48576,33.142,64.22578,1.996441,0.0022092,4.178204
483,8/29/2023,16:16:15,67.89297,52.53513,30.30216,22.45842,33.29044,64.48498,1.996757,0.0022092,4.114821
484,8/29/2023,16:16:33,67.93984,52.60543,30.52872,22.43497,33.5717,65.0392,1.996441,0.0025247,4.044829
485,8/29/2023,16:16:51,67.93984,52.62887,30.57951,22.3334,33.79824,65.11543,1.996441,0.0025247,4.16991
486,8/29/2023,16:17:09,67.93984,52.62887,30.73184,22.12638,33.74355,64.82559,1.996757,0.0025247,4.082823
487,8/29/2023,16:17:27,67.96328,52.55856,30.90762,21.94668,33.79824,64.69859,1.996757,0.0025247,4.147254
488,8/29/2023,16:17:45,67.96328,52.58199,31.03263,21.87247,33.74355,64.62223,1.996757,0.0025247,4.127208
489,8/29/2023,16:18:03,67.9164,52.55856,31.13418,21.66543,33.74355,64.35797,1.996757,0.0028404,4.117427
490,8/29/2023,16:18:21,67.7289,52.55856,31.18497,21.53653,33.82168,64.03761,1.996757,0.0025247,4.170017
491,8/29/2023,16:18:39,67.77578,52.45699,31.36076,21.35685,33.6498,63.69714,1.996757,0.0025247,4.146351
492,8/29/2023,16:18:57,67.77578,52.48044,31.3881,21.30606,33.67324,63.57001,1.996441,0.0025247,4.351667
493,8/29/2023,16:19:15,67.74453,52.37889,31.50529,21.22403,33.66543,63.14811,1.996757,0.0025247,4.136724
494,8/29/2023,16:19:33,67.62734,52.332,31.50529,21.11857,33.50918,62.75658,1.996441,0.0025247,4.07267
495,8/29/2023,16:19:51,67.6039,52.28513,31.60293,21.09513,33.43888,62.59401,1.996441,0.0025247,4.185118
496,8/29/2023,16:20:09,67.58047,52.26169,31.65371,21.04434,33.43888,62.27871,1.996757,0.0028404,4.340216
497,8/29/2023,16:20:27,67.48673,52.21482,31.68106,21.04434,33.36075,62.17704,1.996757,0.0028404,4.229808
498,8/29/2023,16:20:45,67.48673,52.16012,31.65371,20.99356,33.25919,62.01445,1.996757,0.0028404,4.147627
499,8/29/2023,16:21:03,67.53361,52.13668,31.65371,20.99356,33.25919,62.03991,1.996757,0.0025247,4.371589
500,8/29/2023,16:21:21,67.48673,52.11325,31.70449,20.9584,33.30606,61.75513,1.996757,0.0028404,4.175387
501,8/29/2023,16:21:39,67.54922,52.03513,31.67324,20.93106,33.25138,61.72976,1.996757,0.0025247,4.116257
502,8/29/2023,16:21:57,67.54922,52.10544,31.72403,20.93106,33.25138,61.623,1.996757,0.0028404,4.10015
503,8/29/2023,16:22:15,67.48673,52.13668,31.75528,20.96622,33.28262,61.6789,1.996757,0.0025247,4.047326
504,8/29/2023,16:22:33,67.53361,52.06638,31.68106,20.96622,33.25919,61.70436,1.996757,0.0028404,3.957521
505,8/29/2023,16:22:51,67.46328,52.08981,31.75528,20.91544,33.28262,61.54165,1.996757,0.0028404,4.132206
506,8/29/2023,16:23:09,67.46328,52.04294,31.70449,20.93887,33.33732,61.33829,1.996441,0.0025247,4.129494
507,8/29/2023,16:23:27,67.53361,52.04294,31.77872,20.91544,33.21231,61.33829,1.996757,0.0028404,4.277761
508,8/29/2023,16:23:45,67.44766,51.97263,31.77872,20.80997,33.08731,61.27732,1.996441,0.0025247,4.222358
509,8/29/2023,16:24:03,67.41642,51.99606,31.73184,20.83731,33.21231,60.96217,1.996441,0.0025247,4.203205
510,8/29/2023,16:24:49,67.86954,52.14451,31.71231,21.15372,32.74355,64.85103,1.996441,0.0025247,1.857496
511,8/29/2023,16:25:07,68.36172,52.77731,31.78652,21.15372,32.64199,67.93162,1.996757,0.0025247,1.840944
512,8/29/2023,16:25:25,68.8461,53.32419,32.04043,21.25528,33.07168,71.13438,1.996757,0.0025247,1.946607
513,8/29/2023,16:25:43,69.08047,53.76168,32.29044,21.28263,34.99356,73.3761,1.996441,0.0022092,2.003225
514,8/29/2023,16:26:01,69.36172,54.07418,32.66543,21.28263,37.31388,75.16046,1.996441,0.0025247,2.084726
515,8/29/2023,16:26:19,69.56487,54.43357,33.04043,21.35685,38.47795,76.52769,1.996441,0.0025247,2.029783
516,8/29/2023,16:26:37,69.75234,54.62106,33.47012,21.38419,39.41544,77.89549,1.996441,0.0025247,2.057287
517,8/29/2023,16:26:55,69.98672,54.88668,33.86856,21.46231,40.04043,78.94771,1.996441,0.0025247,2.135602
518,8/29/2023,16:27:13,70.08828,55.08981,34.35293,21.52091,40.61074,80.54897,1.996441,0.0025247,2.048307
519,8/29/2023,16:27:37,70.25235,55.30075,34.85293,21.5717,41.03263,81.15398,1.996441,0.0025247,1.949602
520,8/29/2023,16:27:55,70.3461,55.44918,35.20451,21.5717,41.39982,81.80961,1.996757,0.0025247,2.074448
521,8/29/2023,16:28:13,70.39297,55.51951,35.70449,21.59512,41.74355,82.59745,1.996441,0.0025247,1.959651
522,8/29/2023,16:28:31,70.57267,55.63668,36.10294,21.62246,42.017,83.284,1.996441,0.0025247,2.066008
523,8/29/2023,16:28:49,70.64297,55.75387,36.50137,21.64981,42.26699,83.72642,1.996441,0.0025247,2.236577
524,8/29/2023,16:29:07,70.71328,55.85544,36.7748,21.5717,42.40763,84.07184,1.996441,0.0025247,2.096016
525,8/29/2023,16:29:25,70.76015,55.85544,37.17325,21.52091,42.61074,84.43804,1.996441,0.0022092,2.101325
526,8/29/2023,16:29:43,70.76015,55.97263,37.54044,21.41934,42.78262,84.72749,1.996757,0.0025247,2.144181
527,8/29/2023,16:30:01,70.87735,55.97263,37.74355,21.31388,42.89981,84.72749,1.996757,0.0025247,1.977996
528,8/29/2023,16:30:19,70.7914,56.00387,38.09513,21.16934,42.98574,85.0681,1.996441,0.0025247,1.871164
529,8/29/2023,16:30:37,70.90079,56.0195,38.31388,20.98184,43.10294,85.25146,1.996441,0.0025247,1.952858
530,8/29/2023,16:30:55,70.8539,56.09762,38.63418,20.90371,43.25138,85.46467,1.996441,0.0025247,2.072325
531,8/29/2023,16:31:13,70.93984,56.10544,38.85293,20.68887,43.36075,85.5409,1.996757,0.0025247,2.031568
532,8/29/2023,16:31:31,70.92422,56.14451,39.12637,20.54436,43.47012,85.40871,1.996441,0.0025247,1.892215
533,8/29/2023,16:31:49,70.94766,56.09762,39.39982,20.43889,43.59512,85.49026,1.996757,0.0025247,1.784384
534,8/29/2023,16:32:07,70.87735,56.04294,39.5717,20.23185,43.66543,85.46467,1.996441,0.0025247,1.886203
535,8/29/2023,16:32:25,70.8539,56.09762,39.84512,20.0795,43.74355,85.22587,1.996757,0.0022092,1.812521
536,8/29/2023,16:32:43,70.8539,56.06638,40.017,19.95059,43.79043,85.09367,1.996757,0.0025247,2.029964
537,8/29/2023,16:33:01,70.8539,56.06638,40.142,19.87247,43.86856,85.11927,1.996757,0.0025247,1.981384
538,8/29/2023,16:33:19,70.83047,56.06638,40.31388,19.79434,43.86856,84.9668,1.996441,0.0025247,1.929228
539,8/29/2023,16:33:37,70.87735,55.99606,40.46231,19.69278,43.89199,84.67685,1.996441,0.0025247,1.803774
540,8/29/2023,16:33:55,70.83047,55.97263,40.61074,19.61465,43.89199,84.41245,1.996757,0.0022092,1.9252
541,8/29/2023,16:34:13,70.78359,56.0195,40.79043,19.5131,43.91544,84.43804,1.996757,0.0025247,1.771482
542,8/29/2023,16:36:51,73.86954,58.14451,45.36075,21.57559,33.88419,110.0389,1.996757,0.0025247,0.9803763
543,8/29/2023,16:37:09,75.4086,59.83199,52.40763,23.11075,32.89199,126.2039,1.996757,0.0025247,0.9803763
544,8/29/2023,16:37:27,77.0336,61.69918,56.29044,24.0209,32.5717,135.2177,1.996757,0.0025247,0.9803763
545,8/29/2023,16:37:45,73.76015,61.957,55.85293,18.15762,41.68105,96.81631,1.996757,0.0022092,12.29956
546,8/29/2023,16:38:03,58.25919,54.66793,49.55606,16.88809,29.08731,58.7813,1.99013,0.0025247,12.16125
547,8/29/2023,16:38:21,52.70449,50.66012,45.81387,16.52483,24.19278,41.43761,1.99013,0.0022092,11.87601
